image_name,true_text,raw_ocr,snapped_text,confidence,similarity,correct
TEST_0001.jpg,KEVIN,KFV TV,KFV TV,0.375,0.5,True
TEST_0002.jpg,CLOTAIRE,CL O T N G R I C R IAK,CL O T N G R I C R IAK,0.575,0.5714285714285714,True
TEST_0003.jpg,LENA,LE MA,LEMA,0.44671378099930037,0.75,True
TEST_0004.jpg,JULES,JV L ES,JV L ES,0.5776368497922324,0.6666666666666667,True
TEST_0005.jpg,CHERPIN,CHE BP N,CHE BP N,0.5933686375998978,0.6666666666666667,True
TEST_0006.jpg,MARTIN,YRE H MARTI N,YRE H MARTI N,0.6656279607379431,0.8333333333333335,True
TEST_0007.jpg,VALENTINE,VA L ENTI NE,VA L ENTI NE,0.475,0.8571428571428572,True
TEST_0008.jpg,LORAS,A LORAS,LORAS,0.47600216835023423,1.0,True
TEST_0009.jpg,THIBAULT,A H TH I Q A V LT,A H TH I Q A V LT,0.65,0.5,True
TEST_0010.jpg,AZABI,GOMM H A Z A G I,GOMM H A Z A G I,0.5,0.6,True
TEST_0011.jpg,GORTCHAKOFF,L A U P W K A GORTC MA KOFF,L A U P W K A GORTC MA KOFF,0.75,0.7272727272727273,True
TEST_0012.jpg,MAHENTHIRAN,MAFENTKI A AN,MAFENTKI A AN,0.525,0.6666666666666667,True
TEST_0013.jpg,FRANSOISSISEPH,FR A NSG IS IG F EPF,FR A NSG IS IG F EPF,0.8219845152340557,0.5925925925925926,True
TEST_0014.jpg,JEANNE,MALAD JE A WNE,MALAD JE A WNE,0.525,0.5454545454545454,True
TEST_0015.jpg,DEBORAH,RE H O E BOR A H,RE H O E BOR A H,0.5931891464056498,0.7142857142857143,True
TEST_0016.jpg,DROUCS,IET D R OVE S,IET D R OVE S,0.475,0.5,True
TEST_0017.jpg,JADE,J J OITFNFNAICSANCF CASGF,J J OITFNFNAICSANCF CASGF,0.8266755879722363,0.4,False
TEST_0018.jpg,CORNIL FRERROT,COR NI L FREA R DT,COR NI L FREA R DT,0.575,0.7692307692307692,True
TEST_0019.jpg,CLEMET,ZRE A CLEMENT Q,ZRE A CLEMENT Q,0.6866541682499843,0.8333333333333335,True
TEST_0020.jpg,RELIS,A E L B S,A E L B S,0.5922408568161877,0.4285714285714286,False
TEST_0021.jpg,NAMIZATA FATIM,N A HIZAT A F A TI K,N A HIZAT A F A TI K,0.6549081510383735,0.7142857142857143,True
TEST_0022.jpg,FOURNEL,FOUR NEL,FOURNEL,0.6216318658505988,1.0,True
TEST_0023.jpg,DICINTIO-ILLESCA,DI I NTIO IL LESCA,DI I NTIO IL LESCA,0.6,0.8235294117647058,True
TEST_0024.jpg,BARDOT,UO B A RDOT,UO B A RDOT,0.525,0.8333333333333335,True
TEST_0025.jpg,DUVAL,J L F K B DU VA L A,J L F K B DU VA L A,0.6,0.8,True
TEST_0026.jpg,ANTONY,YRE H X NT O NY,YRE H X NT O NY,0.575,0.6666666666666667,True
TEST_0027.jpg,LISA,RREA L T S A,RREA L T S A,0.525,0.5714285714285714,True
TEST_0028.jpg,CELIA,CE L I A EEEE C E ASCE,CE L I A EEEE C E ASCE,0.75,0.6666666666666667,True
TEST_0029.jpg,GRODZKI,GRO BZ KI,GRO BZ KI,0.425,0.75,True
TEST_0030.jpg,HUGO,J NUE O,J NUE O,0.525,0.5,True
TEST_0031.jpg,HUGO,KUG O,UGO,0.7382353730020021,1.0,True
TEST_0032.jpg,ELOUEN,ELOVEN,NEOVEN,0.6421982325843295,0.7272727272727273,True
TEST_0033.jpg,SCHOEMAECKER,O H S C MOE HA C K E R,O H S C MOE HA C K E R,0.6530043159096914,0.5454545454545454,True
TEST_0034.jpg,HOARAU,HOAR AU,AIUHOA,0.6584327715701271,0.6666666666666667,True
TEST_0035.jpg,STEENKERSTE,ST EENKERST F,ST EENKERST F,0.5255255946394661,0.9090909090909091,True
TEST_0036.jpg,DI -FONZO,D I FONZC,D I FONZC,0.425,0.8235294117647058,True
TEST_0037.jpg,BUIREY,Y J I I W B V F RE Y,Y J I I W B V F RE Y,0.6,0.6,True
TEST_0038.jpg,ROMAN,H RO N Y N,H RO N Y N,0.475,0.6,True
TEST_0039.jpg,MILLE,MILL E,EMIL,0.5626586630063344,0.8571428571428572,True
TEST_0040.jpg,CAROLINE,C AROLING,C AROLING,0.5404140749192341,0.875,True
TEST_0041.jpg,PAUL,PA UL,PAUL,0.6919025575994289,1.0,True
TEST_0042.jpg,BECHARA,D OP PI A B EL H AR A,D OP PI A B EL H AR A,0.65,0.6153846153846154,True
TEST_0043.jpg,DIBOS,A D BOS,D AMBROSI,0.5006506252283768,0.6,True
TEST_0044.jpg,JEAN COME,RRE A J E A N CO M E,RRE A J E A N CO M E,0.6675461639985862,0.7058823529411764,True
TEST_0045.jpg,DRENIN,IOMH J R E K F V,IOMH J R E K F V,0.5,0.33333333333333337,False
TEST_0046.jpg,CLOUIS,CL BV I S,CL BV I S,0.4,0.5333333333333333,True
TEST_0047.jpg,JORIS,JO R S,JO R S,0.45310187242035505,0.7272727272727273,True
TEST_0048.jpg,NARDINI,NARDI M U,NARDI M U,0.43513135895164196,0.8333333333333335,True
TEST_0049.jpg,CLAIRE,CL A I R E,CL A I R E,0.5419053705475615,0.75,True
TEST_0050.jpg,RAFFORT,H R A F F O R T,H R A F F O R T,0.6092207776053632,0.6363636363636364,True
TEST_0051.jpg,ICHOROTS,A ICHOROTS,ICHOROTS,0.558464818832379,1.0,True
TEST_0052.jpg,DEBUYSSCHER,DE BV YS S C H ER,DE BV YS S C H ER,0.6030788427302798,0.7142857142857143,True
TEST_0053.jpg,ALEXANDRE,AL E XANO RF,AL E XANO RF,0.761741019133926,0.7058823529411764,True
TEST_0054.jpg,RAPHAEL,RRE B R A P P A I L,RRE B R A P P A I L,0.6,0.4285714285714286,False
TEST_0055.jpg,KHIREDDINE,WO SRE KI T AED D M NE,WO SRE KI T AED D M NE,0.7,0.5263157894736843,True
TEST_0056.jpg,UMUT,UMUT EIEACCC ECC A E,UMUT EIEACCC ECC A E,0.75,1.0,True
TEST_0057.jpg,GOURAUD,A GOORAUD,GOURAUD,0.5610102799692027,1.0,True
TEST_0058.jpg,ROMAN,RO M A N,RO M A N,0.5194683319033325,0.7692307692307692,True
TEST_0059.jpg,LEDERMANN,H LED E R NA N N,H LED E R NA N N,0.6029056319903916,0.6666666666666667,True
TEST_0060.jpg,SOBIER,YBR ER I,YBR ER I,0.4,0.5,True
TEST_0061.jpg,HARDY,XA RD Y,XA RD Y,0.5467731491498202,0.6666666666666667,True
TEST_0062.jpg,ALEXANDRE,ERE A LE XAN DRE,ERE A LE XAN DRE,0.7493835588531296,0.7777777777777779,True
TEST_0063.jpg,BOULANGER,D OV L ANGCA,D OV L ANGCA,0.6088092979567423,0.5555555555555556,True
TEST_0064.jpg,MARWANE,MA RWA U E,MA RWA U E,0.5280818045262394,0.7692307692307692,True
TEST_0065.jpg,PARIS,PA R I S,PA R I S,0.5291092473006846,0.7692307692307692,True
TEST_0066.jpg,MELANIE,MELAN E,MERLAN,0.4272799746098722,0.9090909090909091,True
TEST_0067.jpg,NOUAZE,NUAZE,NOUAZE,0.5974718791928619,1.0,True
TEST_0068.jpg,LEURIT,LEYR I T,LEYR I T,0.4,0.7142857142857143,True
TEST_0069.jpg,PARENT,P A R N T,P A R N T,0.47029612602343696,0.6666666666666667,True
TEST_0070.jpg,DESCHENES,L I F O H S D E L H F W E S,L I F O H S D E L H F W E S,0.675,0.33333333333333337,False
TEST_0071.jpg,MAHAULT,X A HA U LT,X A HA U LT,0.425,0.7142857142857143,True
TEST_0072.jpg,DAGDAG,DA G DA G,DA G DA G,0.5210991710033996,0.8,True
TEST_0073.jpg,DUCHAINE,DUCH A NE,DUCH A NE,0.541322762280456,0.8235294117647058,True
TEST_0074.jpg,AYOUL,VM L V P B I AYOUL A,VM L V P B I AYOUL A,0.65,1.0,True
TEST_0075.jpg,KAREN,E KA,E KA,0.6273599277220065,0.6666666666666667,True
TEST_0076.jpg,ALEXIA,Y H A I E X R A TD,Y H A I E X R A TD,0.65,0.33333333333333337,False
TEST_0077.jpg,EDGAR,ARCI NG,GARCIN,0.475,0.75,True
TEST_0078.jpg,BEAUCHET,GE HV C N FT,GE HV C N FT,0.45,0.33333333333333337,False
TEST_0079.jpg,KEVIN,KEV IN,KEV IN,0.5438547868071544,0.9090909090909091,True
TEST_0080.jpg,ZAMBITI,Z AMBAT F U,Z AMBAT F U,0.45,0.7142857142857143,True
TEST_0081.jpg,ALESSI,BRE AL ESST G,BRE AL ESST G,0.6324682401482558,0.8333333333333335,True
TEST_0082.jpg,CHARLES,C K A R L E S,C K A R L E S,0.4903953061100149,0.6,True
TEST_0083.jpg,ELIA,ELIA,ELIA,0.558364874124527,1.0,True
TEST_0084.jpg,ALEXANDRE,ALEXAND R E,ALEXANDER,0.475,0.9411764705882352,True
TEST_0085.jpg,ROY--COUTELLIER,ROY ZCO UTELLI ER,ROY ZCO UTELLI ER,0.6,0.8125,True
TEST_0086.jpg,LEILI,LER LT,LER LT,0.375,0.6,True
TEST_0087.jpg,TANAEL,RE T A NA EL E BE A A A A R CC L CASGE A G,RE T A NA EL E BE A A A A R CC L CASGE A G,0.75,0.6666666666666667,True
TEST_0088.jpg,HADRIEN,H A J Q H E N,H A J Q H E N,0.425,0.5,True
TEST_0089.jpg,RUBIN,A B KU B I I,A B KU B I I,0.5,0.6,True
TEST_0090.jpg,DE SA,D E S A,D E S A,0.5552428697425031,0.8333333333333334,True
TEST_0091.jpg,COMTE-ARTIGALAS,COMTE K Q RT R G Q L A S,COMTE K Q RT R G Q L A S,0.625,0.5641025641025641,True
TEST_0092.jpg,CHANTEZOUP,CHAN TE L O U P,CHAN TE L O U P,0.5,0.72,True
TEST_0093.jpg,FLOREIN,H F LO RET N,H F LO RET N,0.525,0.7142857142857143,True
TEST_0094.jpg,TASKIN,T A S K F M,T A S K F M,0.4,0.5454545454545454,True
TEST_0095.jpg,BARRAUD,DA R R AV D,DA R R AV D,0.425,0.5714285714285714,True
TEST_0096.jpg,VENTURA,GOM H V E NTURA,GOM H V E NTURA,0.5663467911825784,0.8571428571428572,True
TEST_0097.jpg,NDOUR,N O U R,N O U R,0.5171856022712453,0.6666666666666667,True
TEST_0098.jpg,LISE,LI SE,LISE,0.6513084499321751,1.0,True
TEST_0099.jpg,JUSTINE,T V S T T N E,T V S T T N E,0.425,0.5,True
TEST_0100.jpg,LEO,LEO,LEO,0.4540641864819902,1.0,True
TEST_0101.jpg,LADU,L A D U,L A D U,0.5438384727896808,0.7272727272727273,True
TEST_0102.jpg,HAMMOU AMAR,T F AEA OO URD V LV F A MMOU AMA R H,T F AEA OO URD V LV F A MMOU AMA R H,0.75,0.8181818181818181,True
TEST_0103.jpg,JAN,D D G C FI L A SA N,D D G C FI L A SA N,0.6,0.6666666666666667,True
TEST_0104.jpg,RUAULT,WVLICI UAIG W XP I G B I A R U A UL T,WVLICI UAIG W XP I G B I A R U A UL T,0.75,0.6666666666666667,True
TEST_0105.jpg,EMMA,E MMA,EMMA,0.48465728996259994,1.0,True
TEST_0106.jpg,VERDEAUX,AE J AI U U I K G G P L VERDEA UX H,AE J AI U U I K G G P L VERDEA UX H,0.75,0.875,True
TEST_0107.jpg,ONDET,H ONDET,ONDET,0.5377233316715077,1.0,True
TEST_0108.jpg,TRISTAN,TRTSTA N,TRTSTA N,0.6691294809186838,0.8,True
TEST_0109.jpg,FONTENILLE,FO NT EN I L L E,FO NT EN I L L E,0.6750921823401976,0.7692307692307692,True
TEST_0110.jpg,GUILLAUME,G VIL LA U ME D TFOFNAISSANCS CIASSF,G VIL LA U ME D TFOFNAISSANCS CIASSF,0.8245584016282369,0.6666666666666667,True
TEST_0111.jpg,THALIA,IICL O THAL IA,IICL O THAL IA,0.525,0.8333333333333335,True
TEST_0112.jpg,CELESTINE,CELEST NE,CELESTINE,0.6457578078785611,1.0,True
TEST_0113.jpg,DELEVAQUE,DEL EVAQUE,DELEVAQUE,0.7375445590462709,1.0,True
TEST_0114.jpg,SAUX,S A UX,S A UX,0.6353606743046243,0.8,True
TEST_0115.jpg,SIMON,R A S I AO V,R A S I AO V,0.575,0.4,False
TEST_0116.jpg,MATTHIEU,ZREA HATTFIEU A,ZREA HATTFIEU A,0.7063361411086245,0.75,True
TEST_0117.jpg,BEAUVILLE,BEA VV LLE,BEA VV LLE,0.45,0.736842105263158,True
TEST_0118.jpg,VALERE,VAL E R E,VAL E R E,0.5012394065919252,0.8,True
TEST_0119.jpg,DRAY,DR R Y,DR R Y,0.49771106658864117,0.6666666666666667,True
TEST_0120.jpg,CHAPARTEGUI,H CHA PA RTEG F,H CHA PA RTEG F,0.6442647725541797,0.8181818181818181,True
TEST_0121.jpg,DINAULT,H PINAVLT,H PINAVLT,0.6916688438788463,0.7692307692307692,True
TEST_0122.jpg,DECHEDIN,H C D CHID N,H C D CHID N,0.525,0.625,True
TEST_0123.jpg,OZCAN,MOM OZCAN,MOM OZCAN,0.5324483333941896,1.0,True
TEST_0124.jpg,DELGARO,QE L G AOG,QE L G AOG,0.425,0.5882352941176471,True
TEST_0125.jpg,ANDRE,H F N DR E,H F N DR E,0.5304296012734308,0.6666666666666667,True
TEST_0126.jpg,SERRADS,SE R R A O I,SE R R A O I,0.425,0.6153846153846154,True
TEST_0127.jpg,MARTIN,LEL VOOVVDX MARTIN A,LEL VOOVVDX MARTIN A,0.75,1.0,True
TEST_0128.jpg,RAOUF,P JRE A RA OUF,P JRE A RA OUF,0.575,0.8,True
TEST_0129.jpg,NEVEUX,H N E VE UX,H N E VE UX,0.5328367218115339,0.7272727272727273,True
TEST_0130.jpg,CORALINE,CO AF Q P MZ,CO AF Q P MZ,0.45,0.5,True
TEST_0131.jpg,VINCENT,VI NC F N T,VI NC F N T,0.425,0.6666666666666667,True
TEST_0132.jpg,SARA,SRE S A RA,SRE S A RA,0.5388751643501501,0.75,True
TEST_0133.jpg,DUPLAIN,DU PL A A,DU PL A A,0.6077077599125249,0.7142857142857143,True
TEST_0134.jpg,JEANNE,H TEA MNE,H TEA MNE,0.6266004804904131,0.6666666666666667,True
TEST_0135.jpg,ARTHUR,A R T H U L,A R T H U L,0.4,0.5882352941176471,True
TEST_0136.jpg,MARTINET,A T L H MARTINET,A T L H MARTINET,0.625,1.0,True
TEST_0137.jpg,LERIN,LER R A,LER R A,0.375,0.75,True
TEST_0138.jpg,PHILIPPE,A PH L T P FE,A PH L T P FE,0.5587590947824855,0.5,True
TEST_0139.jpg,REYNAUD,RE YNAUD,REYNAUD,0.6545007005820738,1.0,True
TEST_0140.jpg,SENEZET,SE N E Z F T,SE N E Z F T,0.44742608343078555,0.631578947368421,True
TEST_0141.jpg,EMMA,EMMA,EMMA,0.5995412528514862,1.0,True
TEST_0142.jpg,TONY,TNY,TONY,0.7197969947456081,1.0,True
TEST_0143.jpg,ENZO,ENZO,ENZO,0.7011347514471015,1.0,True
TEST_0144.jpg,LEVEILLE NIZEROLLE,V T R L P BM H LFV EI LLE NZE RO LLE,V T R L P BM H LFV EI LLE NZE RO LLE,0.7644245944486663,0.8,True
TEST_0145.jpg,NOEL,KO EL,KO EL,0.645204235102764,0.75,True
TEST_0146.jpg,LACROIX,LAC RG X,LAC RG X,0.6371972225741824,0.6666666666666667,True
TEST_0147.jpg,LANDPERH,OODCCI J VAY VY MSX H L A ND P F D AI,OODCCI J VAY VY MSX H L A ND P F D AI,0.75,0.625,True
TEST_0148.jpg,AMICIE,BRE H A H R C R E,BRE H A H R C R E,0.575,0.36363636363636365,False
TEST_0149.jpg,FRANCOIS,A F R I N C O U S,A F R I N C O U S,0.5826701377436185,0.48,False
TEST_0150.jpg,URUT,H OR OT,H OR OT,0.525,0.5,True
TEST_0151.jpg,VICTOIRE-MARIE,VCTO U R C MA R I E,VCTO U R C MA R I E,0.55,0.6060606060606061,True
TEST_0152.jpg,BOURSAUD,A B OU R S A U D,A B OU R S A U D,0.6501983218965628,0.6666666666666667,True
TEST_0153.jpg,SIROT,S I ROT,S I ROT,0.375,0.8333333333333334,True
TEST_0154.jpg,GOARZIN,GO A RZ N,GO A RZ N,0.6770604195060954,0.75,True
TEST_0155.jpg,BRETON,BRET ON,BRETON,0.43156548726871913,1.0,True
TEST_0156.jpg,NOLWEN,NO L WE N,NO L WE N,0.7521628958796261,0.8,True
TEST_0157.jpg,MEROVANE,ER O ANE,ER O ANE,0.5983467919169971,0.8,True
TEST_0158.jpg,BIALKOWSKI,B I A L KO WS K,B I A L KO WS K,0.475,0.72,True
TEST_0159.jpg,REINSBACH,H Q RCI MS GAC I,H Q RCI MS GAC I,0.6,0.4444444444444444,False
TEST_0160.jpg,NOLAN,NOLAN,NOLAN,0.4650035435908805,1.0,True
TEST_0161.jpg,APODE,AVD E,AVD E,0.35,0.6,True
TEST_0162.jpg,EMMA,EMMA,EMMA,0.5980803728103637,1.0,True
TEST_0163.jpg,LUCIE,LUC E,LUC,0.42010957764236234,1.0,True
TEST_0164.jpg,CIMINO,I MI N O,I MI N O,0.375,0.7142857142857143,True
TEST_0165.jpg,NICOLAS,BRE NICOL AS,BRE NICOL AS,0.6767342923209649,0.8571428571428572,True
TEST_0166.jpg,FIONA,FK U N Q,FK U N Q,0.375,0.33333333333333337,False
TEST_0167.jpg,CAMILLE,RE CAMILLB,CAMILLE,0.6520934197941726,1.0,True
TEST_0168.jpg,GASPAR,E G A S P A R,E G A S P A R,0.575,0.631578947368421,True
TEST_0169.jpg,LANTIGNY,L VA O L LANTI G NV,L VA O L LANTI G NV,0.6818083332990557,0.75,True
TEST_0170.jpg,INES,INZS,INES,0.6444075450419736,1.0,True
TEST_0171.jpg,AURORE,AU A O RE,AU A O RE,0.4371318140897622,0.6666666666666667,True
TEST_0172.jpg,LAVIGNE,O DLO J J LAV AG NE H,O DLO J J LAV AG NE H,0.675,0.5714285714285714,True
TEST_0173.jpg,BADIN,B A D I N,B A D I N,0.375,0.7142857142857143,True
TEST_0174.jpg,OUSSENI,Q S SE N I,Q S SE N I,0.4,0.6153846153846154,True
TEST_0175.jpg,BAROUD,CUDE RNE Y UAI H OSMIBRSV P A A,CUDE RNE Y UAI H OSMIBRSV P A A,0.7532258957942856,0.4444444444444444,False
TEST_0176.jpg,CHEN,CH EN,CHEN,0.5747794354284406,1.0,True
TEST_0177.jpg,NOA,SREH NO A,SREH NO A,0.5342970847288353,0.6666666666666667,True
TEST_0178.jpg,KALTAK,DODC CI AT IV J I M J X KALTA K,DODC CI AT IV J I M J X KALTA K,0.75,0.8333333333333335,True
TEST_0179.jpg,HUGO,V U G Q,V U G Q,0.3715997715995043,0.5,True
TEST_0180.jpg,LUDOVICA,LDOVIC A,ADZOVIC,0.5429172616902876,0.7692307692307692,True
TEST_0181.jpg,MEYER,DOOCRNCI RI M UO TLT JTW A MEYER,DOOCRNCI RI M UO TLT JTW A MEYER,0.7586132884075708,1.0,True
TEST_0182.jpg,ANTOINE,RE A NTO I ME LE E U P AO X CLASSE A O S,RE A NTO I ME LE E U P AO X CLASSE A O S,0.75,0.7142857142857143,True
TEST_0183.jpg,SAVERIA,SA VER I A,SA VER I A,0.425,0.8235294117647058,True
TEST_0184.jpg,HUE,H U E,H U E,0.4232056491875687,0.75,True
TEST_0185.jpg,VAN QUICKELBORNE,V A N QU I C KC L G OR N E,V A N QU I C KC L G OR N E,0.7483803852096615,0.6666666666666667,True
TEST_0186.jpg,VARIN,VA RIV,RIVA,0.677312531875643,0.6666666666666667,True
TEST_0187.jpg,CHOULET,COOLET,CROLET,0.4,0.7692307692307692,True
TEST_0188.jpg,EMPTY,,,0.5746318704792652,0.0,False
TEST_0189.jpg,NOUAIM,N O V A R M,N O V A R M,0.4,0.47058823529411764,False
TEST_0190.jpg,FEURTE,LO FERTC,LO FERTC,0.5525990464893475,0.7272727272727273,True
TEST_0191.jpg,MATHYS,KATNJ S,KATNJ S,0.4,0.5,True
TEST_0192.jpg,CLEMENCE,CCEH NCE,CCEH NCE,0.42783475327781506,0.6666666666666667,True
TEST_0193.jpg,LEA,LEA,LEA,0.5234554118900312,1.0,True
TEST_0194.jpg,PONCET,A PO NCE T,A PO NCE T,0.5,0.8333333333333335,True
TEST_0195.jpg,BOUCHART,BOUCART,BOUCHART,0.6891244014013931,1.0,True
TEST_0196.jpg,DO,DO,DO,0.4303409451820767,1.0,True
TEST_0197.jpg,EVA,EVA,EVA,0.5655914179972927,1.0,True
TEST_0198.jpg,LEA-MARIE,LE A W M A R I E,LE A W M A R I E,0.475,0.64,True
TEST_0199.jpg,CLEMENTINE,SRE CLE MENIN E THDCTCL AX O U J OX CLASSE G,SRE CLE MENIN E THDCTCL AX O U J OX CLASSE G,0.75,0.8,True
TEST_0200.jpg,RONDAO,RO N J AO,RO N J AO,0.5213435045387708,0.6666666666666667,True
TEST_0201.jpg,VERSET,VERSET,VERSET,0.7243111717330165,1.0,True
TEST_0202.jpg,PUMA,A O PV N A,A O PV N A,0.475,0.4,False
TEST_0203.jpg,KEITA,KEITA,KEITA,0.6225075687136024,1.0,True
TEST_0204.jpg,CHAMPALLE,CH R M P A LL E,CH R M P A LL E,0.5754555380184546,0.6666666666666667,True
TEST_0205.jpg,LAMOLINAIRIE,LA N O L F N A J R R E,LA N O L F N A J R R E,0.6443455253772762,0.47058823529411764,False
TEST_0206.jpg,VINCE,V IN C E,V IN C E,0.375,0.7692307692307692,True
TEST_0207.jpg,CHIEU,OH IE U,OH IE U,0.375,0.6666666666666667,True
TEST_0208.jpg,LEDUC,LEP N,LE NY,0.5502156342269207,0.5714285714285714,True
TEST_0209.jpg,ROJON,RBSON,ROBSON,0.43352475220982734,0.7272727272727273,True
TEST_0210.jpg,ERWAN,H F P WA V,H F P WA V,0.55,0.4444444444444444,False
TEST_0211.jpg,ROMAIN,R OM A F N EH S,R OM A F N EH S,0.625,0.6666666666666667,True
TEST_0212.jpg,KONY,DREA KON Y,DREA KON Y,0.6509200183645165,0.75,True
TEST_0213.jpg,NICOLAS,I H N LO L AS J,I H N LO L AS J,0.6881236119088365,0.5714285714285714,True
TEST_0214.jpg,JULIETTE,SUL R ETT E,SUL R ETT E,0.5883464689272375,0.631578947368421,True
TEST_0215.jpg,CHLOE,CALOE OTCCANDCNCD ASOC,CALOE OTCCANDCNCD ASOC,0.75,0.8,True
TEST_0216.jpg,RISSON,J A UO J F J ZJ L RISSON H,J A UO J F J ZJ L RISSON H,0.75,1.0,True
TEST_0217.jpg,GASNIER,LA T AA H G R S N I E R,LA T AA H G R S N I E R,0.65,0.5714285714285714,True
TEST_0218.jpg,SANDY,U MRE AA VRV,U MRE AA VRV,0.55,0.19999999999999996,False
TEST_0219.jpg,REMI,A EM G,A EM G,0.5346990713486944,0.5,True
TEST_0220.jpg,VAN HECKE,VAN H C KE,VAN H C KE,0.612875188090052,0.8421052631578947,True
TEST_0221.jpg,CELINA,RRENDM H CEL NA,RRENDM H CEL NA,0.5706552189374665,0.8333333333333335,True
TEST_0222.jpg,BORDEAUX,BOR OE AUX,BOR OE AUX,0.48190471442639843,0.7777777777777778,True
TEST_0223.jpg,SILHADDIN,SICHAODIN,SILHADDIN,0.5350995294217528,1.0,True
TEST_0224.jpg,GOMES,G O M S,G O M S,0.4902221585048565,0.6666666666666667,True
TEST_0225.jpg,MARGOT,VRGOT AE ETI CC CT OACCC,VRGOT AE ETI CC CT OACCC,0.75,0.7272727272727273,True
TEST_0226.jpg,LUCAS,LUC AS,LUC AS,0.6058572644578852,0.9090909090909091,True
TEST_0227.jpg,PRESSE,PRE S S E,PRE S S E,0.44862969489495197,0.8,True
TEST_0228.jpg,SALOME,SA LONE,CONESA,0.5975196068781976,0.5,True
TEST_0229.jpg,THIBAULT,T X J BAVL T,T X J BAVL T,0.45,0.5714285714285714,True
TEST_0230.jpg,STAKOVA,JUY CJAKGVA,JUY CJAKGVA,0.5778597240847339,0.6666666666666667,True
TEST_0231.jpg,GIRARD,G I R A R D,G I R A R D,0.5850968217852065,0.7058823529411764,True
TEST_0232.jpg,HELENE,AELENE,SELENE,0.5023720782137587,0.9090909090909091,True
TEST_0233.jpg,DENIS,D E W V S,D E W V S,0.43762862510895945,0.5,True
TEST_0234.jpg,JULIO CESAR,JULIO C E S A R,JULIO C E S A R,0.5841574173705459,0.8461538461538461,True
TEST_0235.jpg,CISSE,CISSE,CISSE,0.49351173942242116,1.0,True
TEST_0236.jpg,ARTHUR,A RTH WR,A RTH WR,0.43239662549275115,0.7272727272727273,True
TEST_0237.jpg,MATHILDE,MATA I LO E,MATA I LO E,0.45,0.631578947368421,True
TEST_0238.jpg,TONNY,TAAY,TANAYA,0.4412376046180725,0.6,True
TEST_0239.jpg,NEGRE,W A H E G R E,W A H E G R E,0.5,0.6,True
TEST_0240.jpg,SLOANE,RRE J S AA Q,RRE J S AA Q,0.525,0.33333333333333337,False
TEST_0241.jpg,MOITIER,H T MOTT E R,H T MOTT E R,0.525,0.5714285714285714,True
TEST_0242.jpg,DAMIEN,D A MP EN,D A MP EN,0.4991168184622399,0.6666666666666667,True
TEST_0243.jpg,BOULLIER,VO T UU Q UM A ROULER,VO T UU Q UM A ROULER,0.705705095580235,0.7692307692307692,True
TEST_0244.jpg,BATTO,C MO B ATTO,C MO B ATTO,0.5308463513933419,0.8888888888888888,True
TEST_0245.jpg,RHETAT,RHETAT,RHETAT,0.4,1.0,True
TEST_0246.jpg,MAXIMILIEN,M AXTN L N TDE NCCC CCCF,M AXTN L N TDE NCCC CCCF,0.75,0.5,True
TEST_0247.jpg,FRESNARD,FR E SNA RD,FR E SNA RD,0.5637336399903624,0.8421052631578947,True
TEST_0248.jpg,GODART,GODA RT,GODART,0.6474864198541088,1.0,True
TEST_0249.jpg,ROMANE,RO HA N E,RO HA N E,0.6764045853154534,0.6666666666666667,True
TEST_0250.jpg,LEROUX,LEGE R,LEGER,0.47177372953828967,0.75,True
TEST_0251.jpg,BARROSO,GA RR SO,GARRYSON,0.5870639511499316,0.7142857142857143,True
TEST_0252.jpg,NINA,N T NA,N T NA,0.3998240222860109,0.6666666666666667,True
TEST_0253.jpg,LECUIROT,L E C U I R Q T,L E C U I R Q T,0.45,0.6086956521739131,True
TEST_0254.jpg,RAPHAEL,ACCC A R P HREL,ACCC A R P HREL,0.6,0.6153846153846154,True
TEST_0255.jpg,YILOIRIM,YI LGIRIH,YI LGIRIH,0.482689215249698,0.75,True
TEST_0256.jpg,BOURDIOL,A BO U R D L,A BO U R D L,0.5049369376827925,0.625,True
TEST_0257.jpg,PAULINE,P A UZINE,P A UZINE,0.500475438067397,0.75,True
TEST_0258.jpg,PLANQUERRE,PI QVCN,PI QVCN,0.475,0.36363636363636365,False
TEST_0259.jpg,MAELYS,K AEY S,K AEY S,0.375,0.7272727272727273,True
TEST_0260.jpg,MORGANE,MORGA N E,MORGAN,0.6626615826452112,1.0,True
TEST_0261.jpg,KENZY,KENZ Y,KENZY,0.618057831080496,1.0,True
TEST_0262.jpg,GARREL,G A R Q E L,G A R Q E L,0.46589511556020835,0.5882352941176471,True
TEST_0263.jpg,DECORET,DECORET,DECORET,0.6748529273713677,1.0,True
TEST_0264.jpg,PRUNELLE,P R V N E L L E,P R V N E L L E,0.5678108653396209,0.6086956521739131,True
TEST_0265.jpg,CAMILLE,CA MI LLE,CA MI LLE,0.4787984427218058,0.875,True
TEST_0266.jpg,LEPOUTRE,LEPOVTRE,LEPOUTRE,0.6342815848012675,1.0,True
TEST_0267.jpg,MASSET,H MAS ET,H MAS ET,0.537420983766232,0.8333333333333335,True
TEST_0268.jpg,JENNIFER,SE Q F FE K,SE Q F FE K,0.425,0.375,False
TEST_0269.jpg,LORIS,L U R Z S,L U R Z S,0.375,0.4285714285714286,False
TEST_0270.jpg,LINE,LJ NE,LJ NE,0.35,0.6666666666666667,True
TEST_0271.jpg,COMPAIN,CQ MP A F N,CQ MP A F N,0.6278205802716607,0.5714285714285714,True
TEST_0272.jpg,CHOPIN,IZOMA CHO PI N,IZOMA CHO PI N,0.525,0.8333333333333335,True
TEST_0273.jpg,FROMAGET,AE V X TV G P J D P H F R O M A FET,AE V X TV G P J D P H F R O M A FET,0.75,0.5454545454545454,True
TEST_0274.jpg,CHAVENON,C W A V E NG N,C W A V E NG N,0.5188885243532514,0.5454545454545454,True
TEST_0275.jpg,EMPTY,H A R T HVR,H A R T HVR,0.6470345426730266,0.19999999999999996,False
TEST_0276.jpg,ANAEL,RRE A XNKBL,RRE A XNKBL,0.55,0.4444444444444444,False
TEST_0277.jpg,SAHIRI,SH X R I,SH X R I,0.375,0.5714285714285714,True
TEST_0278.jpg,METOT,I E T O TT,I E T O TT,0.4,0.6,True
TEST_0279.jpg,OLIVEIRA,OLFVEI AA,OLFVEI AA,0.45,0.75,True
TEST_0280.jpg,DUMORTIER,D U M J RT G R,D U M J RT G R,0.45,0.5217391304347826,True
TEST_0281.jpg,DURRANDE,DV R R A ND E,DV R R A ND E,0.5156058048123354,0.6666666666666667,True
TEST_0282.jpg,VALENTINE,YA L ENT I K E,YA L ENT I K E,0.475,0.6666666666666667,True
TEST_0283.jpg,FERRO MILON,FE RR O MLSA,FE RR O MLSA,0.5883882459169093,0.7619047619047619,True
TEST_0284.jpg,BIGRE,B I G AE,B I G AE,0.597227872362494,0.6153846153846154,True
TEST_0285.jpg,BARADU,E J AU ODOECC A H GARADU,E J AU ODOECC A H GARADU,0.75,0.9090909090909091,True
TEST_0286.jpg,JAUD,J A U D,J A U D,0.38930710524633183,0.7272727272727273,True
TEST_0287.jpg,LOUNA,LOU NA,LOUNA,0.6210013990452045,1.0,True
TEST_0288.jpg,BELLEME,BELLEE,BELLEME,0.47847667065956534,1.0,True
TEST_0289.jpg,CAPRON,DOCTC OI COJOUAZW C AP RO N A,DOCTC OI COJOUAZW C AP RO N A,0.75,0.6666666666666667,True
TEST_0290.jpg,LORINE,DREA LO R R N E J,DREA LO R R N E J,0.6,0.5,True
TEST_0291.jpg,LYSANDRE,LY S A ND R E,LY S A ND R E,0.45,0.7619047619047619,True
TEST_0292.jpg,DRENIERE,DRF E R E,DRF E R E,0.45377598157980803,0.5882352941176471,True
TEST_0293.jpg,VEYRIERDUMURAUD,H I VEY RI E KD V H U R A Q B,H I VEY RI E KD V H U R A Q B,0.75,0.4666666666666666,False
TEST_0294.jpg,AURELIE,A U R ELIE,A U R ELIE,0.7929290819251715,0.8235294117647058,True
TEST_0295.jpg,DORYANN,DOR Y ANN,DOR Y ANN,0.425,0.875,True
TEST_0296.jpg,AUTHIER,OEL T Y O JJ O CC AVT H I E R A,OEL T Y O JJ O CC AVT H I E R A,0.75,0.5714285714285714,True
TEST_0297.jpg,ABBAD,UJW IJ U G Y A B BA O,UJW IJ U G Y A B BA O,0.65,0.6,True
TEST_0298.jpg,CHRISTOPHE,L N M I GT D Q H E,L N M I GT D Q H E,0.5,0.3157894736842105,False
TEST_0299.jpg,SUKATNA,SUKATNA DITFNFNAISSANCF CASSF,SUKATNA DITFNFNAISSANCF CASSF,0.9129478879632494,1.0,True
TEST_0300.jpg,MENDICINO,NEN D C F NO,NEN D C F NO,0.525,0.5714285714285714,True
TEST_0301.jpg,EZNITI,EZ NITI,EZNITI,0.6407311914266519,1.0,True
TEST_0302.jpg,LUCIE,ZRE A LVCIE,ZRE A LVCIE,0.6011498064603468,0.8,True
TEST_0303.jpg,POUMARAT,P O V N G R A I,P O V N G R A I,0.45,0.36363636363636365,False
TEST_0304.jpg,FABIO,FA B F O,FA B F O,0.375,0.6666666666666667,True
TEST_0305.jpg,HENRI,J H HEN R I D,J H HEN R I D,0.6572917161062839,0.8,True
TEST_0306.jpg,BAUME,BAUME,BAUME,0.6281182400626322,1.0,True
TEST_0307.jpg,CABRIANE,LAVR FA NP,LAVR FA NP,0.45,0.5,True
TEST_0308.jpg,LISA,LFSA,ELSA,0.5144409596920013,0.8571428571428572,True
TEST_0309.jpg,PECHAUD,A PECHA VD O,A PECHA VD O,0.5915464244066405,0.7142857142857143,True
TEST_0310.jpg,MARIE,KART F,KART F,0.6521248316491567,0.5,True
TEST_0311.jpg,PAROCHE,PAROCHE,PAROCHE,0.6686607995757919,1.0,True
TEST_0312.jpg,VILLELA,VILLELA,VILLELA,0.6283276735380312,1.0,True
TEST_0313.jpg,SARA,SA R A,SA R A,0.46437093689933007,0.8,True
TEST_0314.jpg,SARAH,ERE A SARAH Q,ERE A SARAH Q,0.6452362841191518,1.0,True
TEST_0315.jpg,NAJI,NAJI,NAJI,0.5987225830554962,1.0,True
TEST_0316.jpg,BAZINGETTE,B A R G N G E T T E,B A R G N G E T T E,0.5,0.5517241379310345,True
TEST_0317.jpg,TOUATI,TOUATI,TOUATI,0.7116228497515048,1.0,True
TEST_0318.jpg,AMELIE,AMELI E,AMELIE,0.4,1.0,True
TEST_0319.jpg,MONTINTIN,V E HO NY Q MT G N,V E HO NY Q MT G N,0.525,0.4,False
TEST_0320.jpg,MATHIEU,ORE N A TH N E U,ORE N A TH N E U,0.575,0.4347826086956522,False
TEST_0321.jpg,LOPES,LOPES,LOPES,0.5147898122583885,1.0,True
TEST_0322.jpg,GUERRAND,GU E R A A N Q,GU E R A A N Q,0.45,0.625,True
TEST_0323.jpg,NOA,NO X,NO X,0.600707032899957,0.8,True
TEST_0324.jpg,PABLO,PA B L O,PA B L O,0.6758666022362382,0.7692307692307692,True
TEST_0325.jpg,BASIERE,G A S T E R E,G A S T E R E,0.425,0.5,True
TEST_0326.jpg,DEVAUX,D E V A VX,D E V A VX,0.4689287240382558,0.625,True
TEST_0327.jpg,SADER,SAD E R,SAD E R,0.375,0.8333333333333334,True
TEST_0328.jpg,SARA,H S A R A,H S A R A,0.6812500909253973,0.6153846153846154,True
TEST_0329.jpg,THOMAS,TH OMA S,TH OMA S,0.401867468838628,0.8571428571428572,True
TEST_0330.jpg,LOUISE,L O U G S E,L O U G S E,0.4786994379018754,0.5882352941176471,True
TEST_0331.jpg,COLLIGNON,A A V G V V U V V L A COLL G NO N,A A V G V V U V V L A COLL G NO N,0.75,0.7777777777777779,True
TEST_0332.jpg,LUCAS,DRE H L U C H S O LICE T O X AO A MICCF RU,DRE H L U C H S O LICE T O X AO A MICCF RU,0.75,0.6,True
TEST_0333.jpg,SAVOLDELLI,U UA T P O SAVOL DE L LI,U UA T P O SAVOL DE L LI,0.7279230008309212,0.8,True
TEST_0334.jpg,ANDREA,ERE A MORE A,ERE A MORE A,0.7030125911747107,0.6,True
TEST_0335.jpg,ADDIS,MUDE KIE I UAIAO TOOOHU F H ADTF C,MUDE KIE I UAIAO TOOOHU F H ADTF C,0.75,0.4,False
TEST_0336.jpg,WOPPERER-BELDENT,WO P P E R E R K BE L P E NT,WO P P E R E R K BE L P E NT,0.7760642776440844,0.6363636363636364,True
TEST_0337.jpg,ESSYA,D A ESSYA,D A ESSYA,0.6479609991696205,1.0,True
TEST_0338.jpg,LINE,A LI NE,ALINE,0.5885340887827274,1.0,True
TEST_0339.jpg,SONNY,SOUVY DATE DE NAISSANCE CLASSE,DATE DE NAISSANCE CLASSE,0.9529392409345796,0.4,False
TEST_0340.jpg,LUCAS,LUC AS,LUC AS,0.5957061981360849,0.9090909090909091,True
TEST_0341.jpg,MORGANE,B H H O R G A N E,B H H O R G A N E,0.6332642418540273,0.5714285714285714,True
TEST_0342.jpg,PALMADE,PK LA A OE,PK LA A OE,0.6220272455312859,0.5,True
TEST_0343.jpg,HERODE,H ERO D E,H ERO D E,0.48681412394129264,0.8,True
TEST_0344.jpg,MAINGUENE,H MANGUENE,MAINGUENE,0.5598669110579306,1.0,True
TEST_0345.jpg,BENJAMIN,BENJAMLN,BENJAMIN,0.6486063061777245,1.0,True
TEST_0346.jpg,LAFONT,LAFO VT,LAFONT,0.4058131395412897,1.0,True
TEST_0347.jpg,DA SILVA,DDCAD OJII UU F M G T W J O A S V A H,DDCAD OJII UU F M G T W J O A S V A H,0.75,0.625,True
TEST_0348.jpg,MORISSEAU,A Q R J S E R V,A Q R J S E R V,0.45,0.33333333333333337,False
TEST_0349.jpg,JEANNE,BRE H SE ANN E,BRE H SE ANN E,0.575,0.7272727272727273,True
TEST_0350.jpg,DURAWD,DURA W N,DURAN,0.43618899620400964,0.8888888888888888,True
TEST_0351.jpg,AMBRE,A KERE CL E,A KERE CL E,0.45,0.4444444444444444,False
TEST_0352.jpg,BARBAVD,WT SA A BA W D,WT SA A BA W D,0.475,0.4615384615384615,False
TEST_0353.jpg,LEANDRE,LEA ND A E,LEA ND A E,0.5356928673396346,0.7692307692307692,True
TEST_0354.jpg,CORENTIN,SRE H CORENTI N,CORENTINE,0.625,1.0,True
TEST_0355.jpg,MELANIE,MELA NIE,MELANIE,0.5967985884500369,1.0,True
TEST_0356.jpg,FLORIAN,F L O R I A X,F L O R I A X,0.425,0.6,True
TEST_0357.jpg,DUMEL,JUNEL,JUNE,0.43715176778702963,0.5,True
TEST_0358.jpg,NOUAQI,NO V A Q G,NO V A Q G,0.4,0.5,True
TEST_0359.jpg,JULIETTE,SULI ETTC,SULI ETTC,0.5238822473413374,0.75,True
TEST_0360.jpg,QUENTIN,Q U FNT T N,Q U FNT T N,0.425,0.5714285714285714,True
TEST_0361.jpg,JUSTINE,SUS TI N E,SUS TI N E,0.425,0.7142857142857143,True
TEST_0362.jpg,MATHIS,A MATS,A MATS,0.6338589352359457,0.8,True
TEST_0363.jpg,TOM,S H R TOM,S H R TOM,0.6478319700687576,1.0,True
TEST_0364.jpg,PAUL,PA U L DIE C CC E A WCC,PA U L DIE C CC E A WCC,0.75,0.75,True
TEST_0365.jpg,BARTH,WOR J P BA RTH,WOR J P BA RTH,0.6626397934679846,0.8,True
TEST_0366.jpg,PROST,UJBLOO JIV PRT,UJBLOO JIV PRT,0.7367093332658146,0.75,True
TEST_0367.jpg,ALEXIS,DRE H A LEXIS J R UF OAO AC AI,DRE H A LEXIS J R UF OAO AC AI,0.75,0.8333333333333335,True
TEST_0368.jpg,LUNA,LU N I,LU N I,0.35,0.75,True
TEST_0369.jpg,COLINE,C OLGNE,COIGNE,0.5841169935416255,0.8333333333333335,True
TEST_0370.jpg,LE CAM,LE CA,LE CAM,0.5963508765632728,1.0,True
TEST_0371.jpg,CASSANDRA,CASSHA,CASSAR,0.615223617239032,0.9090909090909091,True
TEST_0372.jpg,SAVARY,I SA VAQ Y A,I SA VAQ Y A,0.525,0.6666666666666667,True
TEST_0373.jpg,MELODY HELENA,MELODY HELENA,MELODY HELENA,0.7663177010011339,1.0,True
TEST_0374.jpg,ZOE,CAC ZO E,CAC ZO E,0.4777578634362334,0.6666666666666667,True
TEST_0375.jpg,LUNA,LU N A,LU N A,0.5674523571012501,0.8,True
TEST_0376.jpg,VALENTIN,VALE NT I NV,VALE NT I NV,0.6936549449848199,0.8,True
TEST_0377.jpg,DAVID,D P V ID,D P V ID,0.41884695364219743,0.6666666666666667,True
TEST_0378.jpg,DROMARD,D R KA R D,D R KA R D,0.45848531498593936,0.5882352941176471,True
TEST_0379.jpg,VIAUD,A VIA UD,A VIA UD,0.6560462822948616,0.8,True
TEST_0380.jpg,HUGO,ISRE H HUGO,ISRE H HUGO,0.5991370748241107,1.0,True
TEST_0381.jpg,EMMA,EM A,ADEM,0.384044748544693,0.6666666666666667,True
TEST_0382.jpg,GANTIER,GANTT ER,SERGEANT,0.6739967643545879,0.6666666666666667,True
TEST_0383.jpg,LESPAYANDEL,LE SP A V ANDEC,LE SP A V ANDEC,0.5315139085012177,0.6923076923076923,True
TEST_0384.jpg,NOEMIE,RE A DOEMIE,RE A DOEMIE,0.7317911003121653,0.9090909090909091,True
TEST_0385.jpg,GAUMOND,GAUHO ND,GAUMOND,0.6706216749504567,1.0,True
TEST_0386.jpg,GUETIN,GUETIN,GUETIN,0.4864716819226742,1.0,True
TEST_0387.jpg,LICTOR,L R T O R,L R T O R,0.375,0.5454545454545454,True
TEST_0388.jpg,MAHUL,H M AX UL,H M AX UL,0.475,0.6,True
TEST_0389.jpg,LEONARD,DRE L E O N A R D,DRE L E O N A R D,0.668484603212792,0.5833333333333333,True
TEST_0390.jpg,RIBEIRO,P BE RO,P BE RO,0.6066285398466347,0.6666666666666667,True
TEST_0391.jpg,ELISE,UACOI E L ISE,UACOI E L ISE,0.5,0.8,True
TEST_0392.jpg,BRUN,OT O P J BR N N A,OT O P J BR N N A,0.575,0.75,True
TEST_0393.jpg,THIRANT FAYNOT,H TXIRANT FXV NOT,H TXIRANT FXV NOT,0.675,0.7407407407407408,True
TEST_0394.jpg,CHARLOTTE,Z BCH H R LOTT E,Z BCH H R LOTT E,0.675,0.7058823529411764,True
TEST_0395.jpg,SHELSY,SHELSY,SHELSY,0.6163891984045359,1.0,True
TEST_0396.jpg,DESCAMPS,H D EGCA M P S,H D EGCA M P S,0.5857933134795048,0.6363636363636364,True
TEST_0397.jpg,NATHAN,NATHA N,NATHA,0.7203234431046897,1.0,True
TEST_0398.jpg,HUGO,RE M V G O,RE M V G O,0.5490346168354071,0.5714285714285714,True
TEST_0399.jpg,LYNN,RRE L Y N X,RRE L Y N X,0.5301067132822526,0.5,True
TEST_0400.jpg,ZOE,A ZO E,A ZO E,0.6062449165258816,0.6666666666666667,True
TEST_0401.jpg,ANAIS,ZRE H AN AIS S S CN,ZRE H AN AIS S S CN,0.65,0.8,True
TEST_0402.jpg,PRIVAT,PQ I VAT,PQ I VAT,0.6339349816919759,0.7272727272727273,True
TEST_0403.jpg,LEA,LER,LER,0.5815978773178949,0.8,True
TEST_0404.jpg,MADIBA,TAO P BR,TAO P BR,0.4,0.33333333333333337,False
TEST_0405.jpg,DE WANDEL,A D E YANOE L G,A D E YANOE L G,0.7290586255391573,0.6666666666666667,True
TEST_0406.jpg,TRENEL,TRCNCL,TRCNCL,0.4,0.6666666666666667,True
TEST_0407.jpg,DANNENMULLER,O A NNFNMN B,O A NNFNMN B,0.6002012986464994,0.5263157894736843,True
TEST_0408.jpg,BISEUL,TT AOO V I M BB B BLS E V L H,TT AOO V I M BB B BLS E V L H,0.75,0.5,True
TEST_0409.jpg,FLAVIE,FLAVTE TCDENNISCINCF CASSF,FLAVTE TCDENNISCINCF CASSF,0.7967716449700963,0.8333333333333335,True
TEST_0410.jpg,MOUROUGAYA,M OU Q O U G A V A,M OU Q O U G A V A,0.5,0.5714285714285714,True
TEST_0411.jpg,NAEL,NA EL,ELINA,0.6414921525187016,0.6666666666666667,True
TEST_0412.jpg,LOIC,G LO T C,G LO T C,0.5686187013877246,0.5,True
TEST_0413.jpg,DODOVAN,S R DO NVR N,S R DO NVR N,0.6,0.4285714285714286,False
TEST_0414.jpg,CECILE,ARE H C E C I L E,ARE H C E C I L E,0.6187181640746786,0.5454545454545454,True
TEST_0415.jpg,MELANIE,H M W L H N Q E,H M W L H N Q E,0.6,0.36363636363636365,False
TEST_0416.jpg,NAIL,TOJYI NA A L,TOJYI NA A L,0.475,0.5714285714285714,True
TEST_0417.jpg,JUSTINE,ERE JUSTINE,ERNESTINE,0.6716113557702177,0.8333333333333335,True
TEST_0418.jpg,ELSA,ELSA,ELSA,0.5990891218185425,1.0,True
TEST_0419.jpg,PHILIPPE,NDM A P H I L I P P F,NDM A P H I L I P P F,0.55,0.5,True
TEST_0420.jpg,KEVIN,KE V Q N,KE V Q N,0.6221903875430381,0.6666666666666667,True
TEST_0421.jpg,CADOUR,CADOW R,CADOUR,0.5434068546200816,1.0,True
TEST_0422.jpg,INES,S EIEOE E S,S EIEOE E S,0.6,0.5714285714285714,True
TEST_0423.jpg,MALIK,PRENQM H MALIK,PRENQM H MALIK,0.55,1.0,True
TEST_0424.jpg,CAPUCINE,CAPUCNE,CAPUCNE,0.7716470995122966,0.9333333333333333,True
TEST_0425.jpg,LILIAN,L FLT AN,L FLT AN,0.4,0.5714285714285714,True
TEST_0426.jpg,HODROJC,HGAKO E,HGAKO E,0.4,0.4444444444444444,False
TEST_0427.jpg,TILLEVL,TTLLEVL,TILLEVL,0.6063235998667417,1.0,True
TEST_0428.jpg,COLLE,COLL E,COLLE,0.5695835447804547,1.0,True
TEST_0429.jpg,CLEMENT,CL EME NT,CLEMENT,0.6673279668330465,1.0,True
TEST_0430.jpg,BLANC,BL A N C,BL A N C,0.6076243017693344,0.7692307692307692,True
TEST_0431.jpg,JOHAMED,JOHAAEP,JOHANA,0.425,0.8,True
TEST_0432.jpg,DELALANDE,A DELAL RNP E,A DELAL RNP E,0.6157865978816721,0.6666666666666667,True
TEST_0433.jpg,BARTHELEMY,B A R TH E L EMX,B A R TH E L EMX,0.6417245338423356,0.6923076923076923,True
TEST_0434.jpg,ALEXANDRE,GRE H A L EX ND RE,GRE H A L EX ND RE,0.6605014108343212,0.7058823529411764,True
TEST_0435.jpg,MARIE,MARI E,KEMARI,0.5331444381766719,0.8888888888888888,True
TEST_0436.jpg,CASO,C R S O,C R S O,0.35,0.5714285714285714,True
TEST_0437.jpg,KAYLEE,B KAYLEE,KAYLEE,0.6360901448393912,1.0,True
TEST_0438.jpg,LE GUILLERN,L LU V U VI H L E G UILL ER M,L LU V U VI H L E G UILL ER M,0.804819377412703,0.8181818181818181,True
TEST_0439.jpg,ETEVE,CTEVE,ETEVE,0.5971748339925818,1.0,True
TEST_0440.jpg,DA COSTA,A AGA G KU A DA CO STA,A AGA G KU A DA CO STA,0.7124981222687139,0.875,True
TEST_0441.jpg,CORENTIN,L A C N T N N DATE DE NAISSANCE CLASSE,DATE DE NAISSANCE CLASSE,0.9094095470896273,0.375,False
TEST_0442.jpg,LILIYA,LU LY A,LU LY A,0.525,0.6153846153846154,True
TEST_0443.jpg,CHEBHOUNI,CH E HOUN,CHEBHOUNI,0.49110751662977753,1.0,True
TEST_0444.jpg,ENZO,E NZO O RE AAF OAR O OCCE COM,E NZO O RE AAF OAR O OCCE COM,0.75,0.75,True
TEST_0445.jpg,GRIB-ANCELLE,GR M B ANCELCE,GR M B ANCELCE,0.6779199271437139,0.6923076923076923,True
TEST_0446.jpg,TIMOTHEE,T I M OT R C E,T I M OT R C E,0.45,0.625,True
TEST_0447.jpg,GLACET,GLACET,GLACET,0.5100504803866012,1.0,True
TEST_0448.jpg,HZIOU,H HZIOU R,H HZIOU R,0.5530412030922998,1.0,True
TEST_0449.jpg,SEICHEPINE,S CATCD O VU TO J SE ICEY T NE,S CATCD O VU TO J SE ICEY T NE,0.75,0.5263157894736843,True
TEST_0450.jpg,CHRISTOPHE,CHRI STOPME ZRE H,CHRI STOPME ZRE H,0.7295048397865771,0.8421052631578947,True
TEST_0451.jpg,LESSIRE,L ESS Y R E,L ESS Y R E,0.48021640343677724,0.6666666666666667,True
TEST_0452.jpg,TATLLEBOIS,TAILLED OIS,TAILLED OIS,0.644285396802559,0.7619047619047619,True
TEST_0453.jpg,CLERC,C L EAC,C L EAC,0.5653011624391033,0.6666666666666667,True
TEST_0454.jpg,ANTOINE,SRE A A NTO NE,SRE A A NTO NE,0.5992579227834862,0.7692307692307692,True
TEST_0455.jpg,EMMA,A EMMA,EMMA,0.7367709467584076,1.0,True
TEST_0456.jpg,LOGANN,H LO O H N N A U,H LO O H N N A U,0.625,0.4,False
TEST_0457.jpg,DUBOT,POD C I UJ Q OAO B DO B T A,POD C I UJ Q OAO B DO B T A,0.75,0.4,False
TEST_0458.jpg,GARANCE,FRE H GA RA NC E,FRE H GA RA NC E,0.6,0.7142857142857143,True
TEST_0459.jpg,KTORZA,KTORZA,KTORZA,0.6372370941159105,1.0,True
TEST_0460.jpg,LISA,LSA,ELSA,0.5519350269387839,0.8571428571428572,True
TEST_0461.jpg,CAMILLE,CAHILLE,CAHILLE,0.5605974773592226,0.8571428571428572,True
TEST_0462.jpg,HECK,KECK,KEUCK,0.5742440581321716,0.75,True
TEST_0463.jpg,LABEILLE,L ABETLL E,BELLEL,0.4626912012886756,0.8333333333333335,True
TEST_0464.jpg,LEA,A LE A,A LE A,0.5740319099132709,0.6666666666666667,True
TEST_0465.jpg,RICARD,RI C A R D,RI C A R D,0.4,0.75,True
TEST_0466.jpg,WINTERSTEN,WT NT ERST EN,WT NT ERST EN,0.7950821867309377,0.8,True
TEST_0467.jpg,FLAVIE,FLGVIC OATF DF NAISSANCE CLASSE,DATE OF NAISSANCE CLASSE,0.8485096952181258,0.5454545454545454,True
TEST_0468.jpg,DELACOUR,OELA C OV R,OELA C OV R,0.6957592806090236,0.631578947368421,True
TEST_0469.jpg,BARTHE,A C A R T H C,A C A R T H C,0.5459909055823282,0.5,True
TEST_0470.jpg,ZACAI,U ZA C A G,U ZA C A G,0.4,0.6,True
TEST_0471.jpg,SAYSANAVONGPHET,SA VCA NAVONGPHET,SA VCA NAVONGPHET,0.625,0.814814814814815,True
TEST_0472.jpg,ROOVIER,UUE HNE Y LA V J J J ZFN H DG OV F R,UUE HNE Y LA V J J J ZFN H DG OV F R,0.75,0.4615384615384615,False
TEST_0473.jpg,SELMI,VA D A JA S ELMT A,VA D A JA S ELMT A,0.625,0.8,True
TEST_0474.jpg,RAPHAEL,I H B RX P H A E L,I H B RX P H A E L,0.65,0.5714285714285714,True
TEST_0475.jpg,BAIOY,QA V DV,QA V DV,0.375,0.2857142857142857,False
TEST_0476.jpg,JULES,J V L E M,J V L E M,0.5173618984503678,0.4285714285714286,False
TEST_0477.jpg,LYOT,ZOMA L YOT,ZOMA L YOT,0.45,0.8571428571428572,True
TEST_0478.jpg,NOE,RE A N OE,RE A N OE,0.5255774023378956,0.8,True
TEST_0479.jpg,MARSAC,MARSAC,MARSAC,0.6279843056474436,1.0,True
TEST_0480.jpg,PELTIER,H P PE LTT E R,H P PE LTT E R,0.55,0.5714285714285714,True
TEST_0481.jpg,ROCHADIAS,A RO C HA I R S,A RO C HA I R S,0.6517605841762601,0.6666666666666667,True
TEST_0482.jpg,LOUIS,LO U S,LO U S,0.37580099536223655,0.7272727272727273,True
TEST_0483.jpg,ROSIN,O SI N,O SI N,0.35,0.7272727272727273,True
TEST_0484.jpg,ELODIE,EL ODIE,ELODIE,0.6469699980499896,1.0,True
TEST_0485.jpg,LISA,L S R,L S R,0.4188530590528079,0.5714285714285714,True
TEST_0486.jpg,VAUDIER,H S V A V D E R,H S V A V D E R,0.525,0.5714285714285714,True
TEST_0487.jpg,LEVEQUE,LEVEQUE,LEVEQUE,0.5931912012504765,1.0,True
TEST_0488.jpg,FANNY,KAN WY,KANY,0.375,0.75,True
TEST_0489.jpg,BELHAOUCHET,BE ZH AO UCH ET,BE ZH AO UCH ET,0.6597102566899459,0.7692307692307692,True
TEST_0490.jpg,DIEGO,D E G O,D E G O,0.5572539878570337,0.6666666666666667,True
TEST_0491.jpg,GROLLIER,G R OL L V ER,G R OL L V ER,0.4800811347108068,0.6666666666666667,True
TEST_0492.jpg,JAELLE,TA E LE,TA E LE,0.375,0.6666666666666667,True
TEST_0493.jpg,SEVDE,SEV BE,SEV BE,0.6436991297695701,0.75,True
TEST_0494.jpg,PERROT SADIER,P E RRO T S A J E R,P E RRO T S A J E R,0.5378190548005498,0.6923076923076923,True
TEST_0495.jpg,LAUZET,A LAU U E T,A LAU U E T,0.5391634959941534,0.5882352941176471,True
TEST_0496.jpg,AEL,AEL,AEL,0.5037584105926252,1.0,True
TEST_0497.jpg,KIEL,KIE L,KIEL,0.588213340464541,1.0,True
TEST_0498.jpg,FROMENT,F ROMFNT,FROMENT,0.6490123318668006,1.0,True
TEST_0499.jpg,BENIZA,B NFZA,B NFZA,0.54133150376357,0.6666666666666667,True
TEST_0500.jpg,CHIRAZE,A CH I RAZE,CHIRAZE,0.6655520882159861,1.0,True
TEST_0501.jpg,JENNANE,DJ E NN A XE,DJ E NN A XE,0.46654584852008774,0.631578947368421,True
TEST_0502.jpg,THOMAS,THOMAS,THOMAS,0.6314189699797094,1.0,True
TEST_0503.jpg,ELSA,E L S A,E L S A,0.44563341701728953,0.7272727272727273,True
TEST_0504.jpg,AVRILLIER,U A A V R LL I E R,U A A V R LL I E R,0.575,0.5925925925925926,True
TEST_0505.jpg,QUENOT,TO A A QV E N OT,TO A A QV E N OT,0.584759955593421,0.6666666666666667,True
TEST_0506.jpg,NATHAN,NAT X AN,NAT X AN,0.4,0.7142857142857143,True
TEST_0507.jpg,RAYAN,RAYA N,NAYA,0.64957779710098,0.75,True
TEST_0508.jpg,SULIET,L I ET SU,L I ET SU,0.499167639181866,0.6666666666666667,True
TEST_0509.jpg,ASSOUMAN,ASSUMAN,ASSOUMAN,0.6663214214242619,1.0,True
TEST_0510.jpg,ATAHA,CUDE KNYE UAI F UFG TTIGL A NTA HA,CUDE KNYE UAI F UFG TTIGL A NTA HA,0.75,0.8,True
TEST_0511.jpg,MAEL,MAEZ,MAE,0.5696932892660316,1.0,True
TEST_0512.jpg,DELCOURT,DE LCO U R T,DE LCOURT,0.6729256495618267,0.9411764705882353,True
TEST_0513.jpg,MENONI,H MENON,CHENON,0.6079853397115289,0.8,True
TEST_0514.jpg,NAEP,JCE Q Z P,JCE Q Z P,0.4,0.4,False
TEST_0515.jpg,NATHAN,VAT Y AX,VAT Y AX,0.4,0.5,True
TEST_0516.jpg,ANGELINA,ANGEL I NA,ANGELINA,0.6821782781772305,1.0,True
TEST_0517.jpg,FOFANA,H F Q F A NA,H F Q F A NA,0.5774473857495737,0.6666666666666667,True
TEST_0518.jpg,THIBAULT,LC F R EIXEF TH BAULT H,LC F R EIXEF TH BAULT H,0.75,0.875,True
TEST_0519.jpg,MBONGUEDUAGI,A G D L O W O A N BO NG U E M J A G K,A G D L O W O A N BO NG U E M J A G K,0.75,0.5,True
TEST_0520.jpg,BRICHET,BRR CHE T,BRICHET,0.425,1.0,True
TEST_0521.jpg,LORIS,TRE E LO R I J,TRE E LO R I J,0.55,0.6,True
TEST_0522.jpg,CAMILLE,CAKL L,CAKL L,0.692847798260472,0.6666666666666667,True
TEST_0523.jpg,ZACCHARIE,ACCHA RI E,ACCHA RI E,0.7296268954253544,0.8421052631578947,True
TEST_0524.jpg,CHAUFFAUD,A CRA U F F A U D,A CRA U F F A U D,0.6890963611368168,0.6153846153846154,True
TEST_0525.jpg,MALIN,MALIN,MALIN,0.637942644083296,1.0,True
TEST_0526.jpg,MOSLIH,KOSL I N,KOSL I N,0.4,0.6666666666666667,True
TEST_0527.jpg,LACAVE,JA GM JARB LACAVE,JA GM JARB LACAVE,0.7612277190734814,1.0,True
TEST_0528.jpg,GOULESQUE,GOUL ESQUE,GOUL ESQUE,0.6026167196187671,0.9473684210526316,True
TEST_0529.jpg,ROUCHICHE,U O KJ H A OU AI C HE,U O KJ H A OU AI C HE,0.65,0.5555555555555556,True
TEST_0530.jpg,DESTONQUERES,PODCEI OAY I O F S Z B HSU D E STDNAU F R F K,PODCEI OAY I O F S Z B HSU D E STDNAU F R F K,0.75,0.5,True
TEST_0531.jpg,CLAIRE,CLA R E,CLAMER,0.44698381004980686,0.7272727272727273,True
TEST_0532.jpg,GRELIER,G RCLTE R,G RCLTE R,0.425,0.625,True
TEST_0533.jpg,ESTELIA,E STEL A,ESTEL,0.5593819485581208,1.0,True
TEST_0534.jpg,PRIEZ,PR EZ,PR EZ,0.5740194416489216,0.8,True
TEST_0535.jpg,CAROOT,A CAR DOT,CARDOT,0.5629912928004599,0.8333333333333335,True
TEST_0536.jpg,YANN,YA NN,YA NN,0.4728623216938367,0.8888888888888888,True
TEST_0537.jpg,PAILHE,PAI LXE,PAI LXE,0.5357231718094373,0.7692307692307692,True
TEST_0538.jpg,MELINE,MELINE,MELINE,0.6129697629292331,1.0,True
TEST_0539.jpg,MANON,A HANON,HANON,0.55,0.8888888888888888,True
TEST_0540.jpg,DEXBOM,DX M,DX M,0.325,0.6,True
TEST_0541.jpg,IBRAHIM,PRENQM JB R A F I M,PRENQM JB R A F I M,0.575,0.4285714285714286,False
TEST_0542.jpg,GUIDESOQ,H G U I D E C OQ,H G U I D E C OQ,0.5594780167498661,0.5833333333333333,True
TEST_0543.jpg,MATTEO,A MRTTE Q,A MRTTE Q,0.6400646444540812,0.6666666666666667,True
TEST_0544.jpg,YOUSSIF,ZREB Y O U S S B F,ZREB Y O U S S B F,0.6,0.5714285714285714,True
TEST_0545.jpg,EVA,EV A,EV A,0.4908463478088379,0.8571428571428572,True
TEST_0546.jpg,ANNA,ARE A NNA,ARE A NNA,0.5691141595012373,0.8571428571428572,True
TEST_0547.jpg,ALSIDCHIKH,ALG DCHXH,ALG DCHXH,0.45,0.631578947368421,True
TEST_0548.jpg,ZIHLMANN,ZIKLMANN,ZIHLMANN,0.6491187183996115,1.0,True
TEST_0549.jpg,EHAINA,A EH AIMA,A EH AIMA,0.5,0.6666666666666667,True
TEST_0550.jpg,OLIVIER,OL IVIER,OLIVIERO,0.7348716792629705,1.0,True
TEST_0551.jpg,PAULINE,PAULT NE,NEAUT,0.7626560864375889,0.5714285714285714,True
TEST_0552.jpg,EMMA,EMN A,EMN A,0.6859408038244621,0.6666666666666667,True
TEST_0553.jpg,BERTRAND,T T R E RT R A ND A,T T R E RT R A ND A,0.6,0.625,True
TEST_0554.jpg,MATTHEW,ZRE H M A TTMEW,ZRE H M A TTMEW,0.6,0.7142857142857143,True
TEST_0555.jpg,ANAIS,DRE H AN AT S,DRE H AN AT S,0.55,0.6,True
TEST_0556.jpg,BRUNET,B R U PN E T,B R U PN E T,0.425,0.6666666666666667,True
TEST_0557.jpg,BLANDINE,BRE H B F N D I N E R,BRE H B F N D I N E R,0.625,0.5,True
TEST_0558.jpg,HAMDI,UTTOUL HA MI,UTTOUL HA MI,0.7356092601652117,0.8,True
TEST_0559.jpg,LAVIGNE,LA V I GN E,LA V I GN E,0.425,0.7777777777777778,True
TEST_0560.jpg,CLEMENT,DRE B CL EMENT Q,DRE B CL EMENT Q,0.625,0.8571428571428572,True
TEST_0561.jpg,LEVY,LEVY,LEVY,0.5975316524505615,1.0,True
TEST_0562.jpg,CADOT,OL FU CA DOT,OL FU CA DOT,0.55,0.8,True
TEST_0563.jpg,BONNARDEL,A M PO N N A ROEL,A M PO N N A ROEL,0.6,0.5882352941176471,True
TEST_0564.jpg,CLEMENTINE,CLEN ENTI N E,CLEN ENTI N E,0.5,0.782608695652174,True
TEST_0565.jpg,YANN,SRE,SIRE,0.6480365146805432,0.0,False
TEST_0566.jpg,BOUMDI,B U MD R,B U MD R,0.375,0.6666666666666667,True
TEST_0567.jpg,HALLEGUEN,H O PA LL E G U E N,H O PA LL E G U E N,0.6,0.6428571428571428,True
TEST_0568.jpg,LARIBI,LA R IB I,LA R IB I,0.5862492255792159,0.8,True
TEST_0569.jpg,LUCY,LOCY,LUCY,0.5354104399681091,1.0,True
TEST_0570.jpg,NOYER,A NOY E R,A NOY E R,0.5508514945863974,0.8,True
TEST_0571.jpg,ZOE,ZO E,EZIO,0.6912177944793486,0.6666666666666667,True
TEST_0572.jpg,ROMANE,H ROM A NE,H ROM A NE,0.6234876998478706,0.75,True
TEST_0573.jpg,MARINA,MARIN A,MARIN,0.447093339007713,1.0,True
TEST_0574.jpg,LEORI,LE RO M,LE ROY,0.46981282243366024,0.6666666666666667,True
TEST_0575.jpg,POUPIN,A H G POU PIN,A H G POU PIN,0.55,0.8333333333333335,True
TEST_0576.jpg,TIBERGHIEM,TIBERG HT EH,TIBERG HT EH,0.5,0.7777777777777779,True
TEST_0577.jpg,MICHEL,I CXEE,I CXEE,0.6335729849781413,0.5454545454545454,True
TEST_0578.jpg,HANON,QRE H A NO V,QRE H A NO V,0.5807196829416734,0.6,True
TEST_0579.jpg,DELAUNAY,DEL AU NAY,DEL AU NAY,0.5846850795713898,0.8888888888888888,True
TEST_0580.jpg,MICHAELA,MICHAE LA,HAMICHE,0.5895975487893719,0.7692307692307692,True
TEST_0581.jpg,SAMUEL,SAMVEC,SAMVEC,0.4506794337784731,0.7272727272727273,True
TEST_0582.jpg,KESSIER,KE S S I ER,KE S S I ER,0.425,0.7777777777777778,True
TEST_0583.jpg,CHAUVIN,A T CHAUV R N,A T CHAUV R N,0.55,0.7142857142857143,True
TEST_0584.jpg,MARCHAL,N A R C H A L,N A R C H A L,0.425,0.6,True
TEST_0585.jpg,MOCOUART,H M OC QU Q R T,H M OC QU Q R T,0.55,0.5217391304347826,True
TEST_0586.jpg,TALINE,TAL NE,NETRAL,0.6858236966822058,0.6666666666666667,True
TEST_0587.jpg,SALOME,S A ZOM E,S A ZOM E,0.6484675340791088,0.6666666666666667,True
TEST_0588.jpg,REGIBAUD,UW VV PO V T REC I U A U D B O,UW VV PO V T REC I U A U D B O,0.75,0.5,True
TEST_0589.jpg,DEMARET,O E N A A E T,O E N A A E T,0.425,0.5,True
TEST_0590.jpg,NOUR,ISRE B NO UR EB,ISRE B NO UR EB,0.6,0.75,True
TEST_0591.jpg,SARAH,SA A K,SA A K,0.35,0.6666666666666667,True
TEST_0592.jpg,MAELLE,MAE L E,MAE L E,0.6560099573863372,0.7692307692307692,True
TEST_0593.jpg,VALENTINA,RE V A L ENT N N A,RE V A L ENT N N A,0.6,0.6666666666666667,True
TEST_0594.jpg,EMPRIN,ENPRIN,EMPRIN,0.6423672100599447,1.0,True
TEST_0595.jpg,LEONIE,LEO VIE,LOVISE,0.5809105872671075,0.6666666666666667,True
TEST_0596.jpg,JANNET,J A MM ET,J A MM ET,0.4365976460296601,0.5333333333333333,True
TEST_0597.jpg,KYLIAN,SRENQM H KI L A N,SRENQM H KI L A N,0.6075748774110894,0.5454545454545454,True
TEST_0598.jpg,DORIAN,VC DOR B AN,VC DOR B AN,0.45,0.5882352941176471,True
TEST_0599.jpg,LAURA,H L X N R Z,H L X N R Z,0.55,0.25,False
TEST_0600.jpg,TAUARES,TXV GR E S,TXV GR E S,0.5625529437031273,0.5,True
TEST_0601.jpg,FOFANA,U J C M G G U L F O F R VA A,U J C M G G U L F O F R VA A,0.7,0.5,True
TEST_0602.jpg,MEHEUT,MEA E UT,DE MEAUX,0.4,0.5454545454545454,True
TEST_0603.jpg,MAILLOUX,MAILLOUX,MAILLOUX,0.6829930420518133,1.0,True
TEST_0604.jpg,PEREZ FERRON,P E R E Z F E R R O N,P E R E Z F E R R O N,0.7742225689593617,0.7272727272727273,True
TEST_0605.jpg,RIQUIER,R K QU E R,R K QU E R,0.4149905767872605,0.6153846153846154,True
TEST_0606.jpg,ELIE,ELE,ELE,0.7207774398150736,0.8571428571428572,True
TEST_0607.jpg,AMBRE,Q HORE,Q HORE,0.375,0.5714285714285714,True
TEST_0608.jpg,MATTON,CUDE KNE UAI C W D I G G W A AA TT O N,CUDE KNE UAI C W D I G G W A AA TT O N,0.75,0.6666666666666667,True
TEST_0609.jpg,ANAELLE,A QAELLE,ANAELLE,0.5785819011127716,1.0,True
TEST_0610.jpg,SIXTINE,SIXTIN,SIXTINE,0.5594525948906984,1.0,True
TEST_0611.jpg,BONENFANT,H BONENFA NT,BONENFANT,0.6195477474386117,1.0,True
TEST_0612.jpg,OCTAVE,OKT AV E,OKT AV E,0.4,0.7142857142857143,True
TEST_0613.jpg,LEONIEE,LEQN E E,LEQN E E,0.7709418006211606,0.6666666666666667,True
TEST_0614.jpg,GABIN,G A O R N,G A O R N,0.5990829279704266,0.5,True
TEST_0615.jpg,ELOISE,PRENDM H E L O N S E,PRENDM H E L O N S E,0.575,0.5,True
TEST_0616.jpg,JARMOSZKO,T J A VAVAT O V X A R O S Z K O NCM H,T J A VAVAT O V X A R O S Z K O NCM H,0.75,0.5555555555555556,True
TEST_0617.jpg,CHERU,A C HE RU,A C HE RU,0.475,0.8,True
TEST_0618.jpg,MARYLISE,MA R YL R S E,MA R YL R S E,0.4729048847290637,0.6666666666666667,True
TEST_0619.jpg,AUBERT,AV F E R T,AV F E R T,0.4,0.5454545454545454,True
TEST_0620.jpg,PAJIER,CU E O,CU E O,0.35,0.25,False
TEST_0621.jpg,HELARY,HELA RY,HELARY,0.4525940557531176,1.0,True
TEST_0622.jpg,RACHEL,R AC M EL,R AC M EL,0.7118617812496271,0.6666666666666667,True
TEST_0623.jpg,ABEDI,A REAT,A REAT,0.375,0.4444444444444444,False
TEST_0624.jpg,GASPARD,G A S PA RA,G A S PA RA,0.425,0.6666666666666667,True
TEST_0625.jpg,SINAYOGO,SIN AY OG O,SIN AY OG O,0.45,0.8421052631578947,True
TEST_0626.jpg,PERLE,PERZE,PERLE,0.46024677032048283,1.0,True
TEST_0627.jpg,FAYOLLE,F AYOLCE,F AYOLCE,0.5886437355120502,0.8,True
TEST_0628.jpg,LEGUAY,A LE GU A Y P,A LE GU A Y P,0.6080892355833991,0.6666666666666667,True
TEST_0629.jpg,QUENAULT,QUENAN T,REUENANT,0.425,0.7142857142857143,True
TEST_0630.jpg,CRILOUX,H CRI LOUX I,H CRI LOUX I,0.6202698552030441,0.8571428571428572,True
TEST_0631.jpg,THEO,THEO,THEO,0.5501862227916717,1.0,True
TEST_0632.jpg,GEOFFREY,ERE G E O FFR EY,ERE G E O FFR EY,0.6,0.75,True
TEST_0633.jpg,HAUDIQUERT,H AUDIQU E AT,H AUDIQU E AT,0.5,0.8,True
TEST_0634.jpg,BERBAGUI,O PER BAQ,O PER BAQ,0.5405470016411047,0.5714285714285714,True
TEST_0635.jpg,DAVID,M GRE H D A V I N,M GRE H D A V I N,0.575,0.6,True
TEST_0636.jpg,AMIRA,A M R A,A M R A,0.46849100297265056,0.6666666666666667,True
TEST_0637.jpg,LAURIE,LA URIE,LAURIE,0.5940420459215859,1.0,True
TEST_0638.jpg,KHADRAOUI,KIA M RAO UI,KIA M RAO UI,0.55,0.6666666666666667,True
TEST_0639.jpg,BENOIT,P B E N O G T J,P B E N O G T J,0.6,0.5,True
TEST_0640.jpg,THOMAS,H TH MQ S,H TH MQ S,0.5484907740424106,0.5333333333333333,True
TEST_0641.jpg,LEA,H L E A S,H L E A S,0.525,0.6666666666666667,True
TEST_0642.jpg,GUEENINI,J V F R V I WX,J V F R V I WX,0.45,0.16666666666666663,False
TEST_0643.jpg,TAMOUM,T A HOUK,T A HOUK,0.4354177313794788,0.5714285714285714,True
TEST_0644.jpg,EMZA,,,0.48003576839341655,0.0,False
TEST_0645.jpg,GININES,G I N I N ES,G I N I N ES,0.425,0.736842105263158,True
TEST_0646.jpg,BARDEL,B A RD E L,B A RD E L,0.5492050351500186,0.75,True
TEST_0647.jpg,DEMARE,DKX RE,DKX RE,0.435184771067979,0.5,True
TEST_0648.jpg,COVET,MOM CO UF T,MOM CO UF T,0.45,0.4,False
TEST_0649.jpg,SOUCASSE,SO Q C KS S E,SO Q C KS S E,0.45,0.5714285714285714,True
TEST_0650.jpg,MANO,SRE NA AV,SRE NA AV,0.5,0.33333333333333337,False
TEST_0651.jpg,PASQUER,P A S Q U E Q,P A S Q U E Q,0.5680110288282609,0.6,True
TEST_0652.jpg,GUN,GBN,GABN,0.5024242514163372,0.5714285714285714,True
TEST_0653.jpg,BANDESVILLE,BFNDE VILL E,BFNDE VILL E,0.7686865344075301,0.782608695652174,True
TEST_0654.jpg,MATHILDE,SRE MA TH I L DE D T AO C A,SRE MA TH I L DE D T AO C A,0.75,0.625,True
TEST_0655.jpg,SULIVAN,A SU Z T VAN,A SU Z T VAN,0.6326924160835568,0.6,True
TEST_0656.jpg,LEMIRE,LE K RE,LE K RE,0.4430329365566807,0.6153846153846154,True
TEST_0657.jpg,FERRIGNO,GOMA F E RR I GNO,GOMA F E RR I GNO,0.55,0.75,True
TEST_0658.jpg,SARTEL,S A RTE L,S A RTE L,0.5164666981292503,0.8,True
TEST_0659.jpg,CHLOE,CH L O E,CH L O E,0.4456610072672322,0.7692307692307692,True
TEST_0660.jpg,THOMAS,T K OM A S,T K OM A S,0.46678680935634664,0.6666666666666667,True
TEST_0661.jpg,ANNA,ZRE A NNA,ZRE A NNA,0.6306510991721785,0.8571428571428572,True
TEST_0662.jpg,EMMA,EMMA DTLCS C GCAC,EMMA DTLCS C GCAC,0.75,1.0,True
TEST_0663.jpg,THOMAS,A T H Q M A S,A T H Q M A S,0.575,0.5454545454545454,True
TEST_0664.jpg,GAETAN,E H GA ETX N,E H GA ETX N,0.6,0.6666666666666667,True
TEST_0665.jpg,JOHANN,J H JOHA N W,J H JOHA N W,0.6,0.8333333333333335,True
TEST_0666.jpg,TOM,TO M,TO M,0.5397372954756514,0.8571428571428572,True
TEST_0667.jpg,MARTIN,OO I AKTIN,OO I AKTIN,0.525,0.7272727272727273,True
TEST_0668.jpg,MARCANO,KA R C A N O,KA R C A N O,0.425,0.631578947368421,True
TEST_0669.jpg,GAUTIER,G R UTI F R,G R UTI F R,0.425,0.5714285714285714,True
TEST_0670.jpg,MOUDIO PRISO,MOUM I O PRI SO,MOUM I O PRI SO,0.5477798208285902,0.8148148148148149,True
TEST_0671.jpg,DELOUANE,A D ELOUA NE,DELOUANE,0.6157788524022445,1.0,True
TEST_0672.jpg,AUDOUBERT,NRM A AOOOUT E RT,NRM A AOOOUT E RT,0.575,0.5882352941176471,True
TEST_0673.jpg,CARRE,H CRRE,H CRRE,0.6066538420692236,0.8888888888888888,True
TEST_0674.jpg,JOE,ZE,ZOE,0.47069540091839546,0.8,True
TEST_0675.jpg,FAUVARQUE,F A UV A F OO E,F A UV A F OO E,0.475,0.5882352941176471,True
TEST_0676.jpg,GRAND,H GRA N D,H GRA N D,0.5413840385237644,0.8,True
TEST_0677.jpg,KEDEREI,LUNE HNE Y UAI OXJAES T H KFX FRE I,LUNE HNE Y UAI OXJAES T H KFX FRE I,0.75,0.5454545454545454,True
TEST_0678.jpg,AMBRE,RMB R E,RMB R E,0.42180770642864407,0.6666666666666667,True
TEST_0679.jpg,RAYANE,RE A RA YANE,RE A RA YANE,0.6242635981015444,0.8333333333333335,True
TEST_0680.jpg,CZAJKOWSKI,E I SE H CZ A J KQ WJSKI,E I SE H CZ A J KQ WJSKI,0.725,0.6,True
TEST_0681.jpg,DOBOC,H DBU C,H DBU C,0.5774288236247777,0.6,True
TEST_0682.jpg,QUENTIN,QU E HT I N,QU E HT I N,0.425,0.6666666666666667,True
TEST_0683.jpg,DURIS,DU RI S,DURIS,0.5625587521425047,1.0,True
TEST_0684.jpg,WELCKER,WELC KER,WELC KER,0.6614537513879155,0.9333333333333333,True
TEST_0685.jpg,CLEMENT,CLEMENT,CLEMENT,0.7050007425490792,1.0,True
TEST_0686.jpg,EMPTY,L E D F R FT,L E D F R FT,0.4428473198172796,0.33333333333333337,False
TEST_0687.jpg,FANELIE,F Q N E L I E,F Q N E L I E,0.507755376497423,0.6,True
TEST_0688.jpg,GOUDUIL,MVM GOUDJ P L,MVM GOUDJ P L,0.5,0.5714285714285714,True
TEST_0689.jpg,MAUDOUSSIN,MAV O O V S J R N,MAV O O V S J R N,0.5,0.4,False
TEST_0690.jpg,ROMAIN,R O M A R N,R O M A R N,0.6492128561302926,0.5882352941176471,True
TEST_0691.jpg,MAXIME,MAXT E,LE MANX,0.375,0.6,True
TEST_0692.jpg,YALROT,JA LROT,YALROT,0.5500395861565662,1.0,True
TEST_0693.jpg,BENOIT,BENOTT,BENOTT,0.7226088780313663,0.9090909090909091,True
TEST_0694.jpg,VILLEROY,VILLFRGY,VILLEROY,0.45,1.0,True
TEST_0695.jpg,KELIAN,KEL AN,KEL AN,0.6008618514611568,0.8333333333333335,True
TEST_0696.jpg,JEANNE,J EANNE,SEANNE,0.6424723498703375,0.9090909090909091,True
TEST_0697.jpg,QUENTIN,QWENTN,QUENTIN,0.6551269934802811,1.0,True
TEST_0698.jpg,DECINTAS,F AD M OJ A A V D EC I NTA S H,F AD M OJ A A V D EC I NTA S H,0.75,0.75,True
TEST_0699.jpg,ENZO,ENZO,ENZO,0.7489809732232721,1.0,True
TEST_0700.jpg,TITOUAN,T TOU A N RRE H,T TOU A N RRE H,0.6131173760154088,0.7142857142857143,True
TEST_0701.jpg,MATHIS,MA THIS,MATHIS,0.4882658367367815,1.0,True
TEST_0702.jpg,ALESSANDRO,AL E S S A NDRO,AL E S S A NDRO,0.5887828558080206,0.8,True
TEST_0703.jpg,TOINE,TO IM E,TO IM E,0.375,0.6666666666666667,True
TEST_0704.jpg,AXELLE,H AXELLE,AXELLE,0.7099867475931517,1.0,True
TEST_0705.jpg,CAPUCINE,H C A P U C TN E,H C A P U C TN E,0.6289163418785412,0.5833333333333333,True
TEST_0706.jpg,EL YERQROUCH,E L KEGR OC H,E L KEGR OC H,0.6422469076500891,0.64,True
TEST_0707.jpg,BERTRAND,B E R T R A N O,B E R T R A N O,0.7336696553612585,0.6086956521739131,True
TEST_0708.jpg,LEA,LE A,LE GAC,0.4902148519554924,0.8,True
TEST_0709.jpg,PORTIER,NDM H PORTIER D,NDM H PORTIER D,0.6980270123678181,1.0,True
TEST_0710.jpg,LIBERAL,I H LIB ERA L,I H LIB ERA L,0.55,0.8571428571428572,True
TEST_0711.jpg,WILLIOT,WL L F GT,WL L F GT,0.4,0.5454545454545454,True
TEST_0712.jpg,ALEXANDRE,A LE XA N D RE,A LE XA N D RE,0.5066415188821208,0.782608695652174,True
TEST_0713.jpg,MSAYAH,ASA YAA,ASA YAA,0.43540471393958213,0.6666666666666667,True
TEST_0714.jpg,NOE,NQ E,NQ E,0.6085655992040808,0.5714285714285714,True
TEST_0715.jpg,JOEY,JO E Y,JO E Y,0.4762371912294828,0.8,True
TEST_0716.jpg,TIFANNY,TIFANNY FEIRE NCONC FSCOC,TIFANNY FEIRE NCONC FSCOC,0.75,1.0,True
TEST_0717.jpg,ASTOUL,A S TOUL,ASTOUL,0.607209053266564,1.0,True
TEST_0718.jpg,PARNASSE,P ARVA S S E,P ARVA S S E,0.45,0.7,True
TEST_0719.jpg,HALLER,KAL FT,KAL FT,0.375,0.4444444444444444,False
TEST_0720.jpg,EMY,I A EMY,I A EMY,0.6075464876673877,1.0,True
TEST_0721.jpg,BRETEY,PRE E Y,PRE E Y,0.49195500896103506,0.6666666666666667,True
TEST_0722.jpg,CLEMENT,A CLEME NT,CLEMENT,0.6983986515644512,1.0,True
TEST_0723.jpg,PORCHIER,P O R CH R E R,P O R CH R E R,0.5299455884486519,0.6363636363636364,True
TEST_0724.jpg,FITAN,Y FTAM,Y FTAM,0.4982841305058445,0.6666666666666667,True
TEST_0725.jpg,GUILLAUNE,L U I L LAU NZ,L U I L LAU NZ,0.475,0.6666666666666667,True
TEST_0726.jpg,LUCIE,A L VCI C X,A L VCI C X,0.575,0.6,True
TEST_0727.jpg,ALBAN,AL BA U,AL BA U,0.41367107675958864,0.8,True
TEST_0728.jpg,SANJAY,SANJA Y,SANJAY,0.6098930516332166,1.0,True
TEST_0729.jpg,CALIN,CA LN,CALIN,0.5907750518737227,1.0,True
TEST_0730.jpg,HABIOT,HR B L OT,HR B L OT,0.5359283606291894,0.5333333333333333,True
TEST_0731.jpg,DASSIE,H SA S S I E,H SA S S I E,0.5095268027027269,0.5555555555555556,True
TEST_0732.jpg,WILLIAM,A MILLIAM,MILLIAN,0.7795876000393844,0.7692307692307692,True
TEST_0733.jpg,CLARA,H CL AR H,H CL AR H,0.6745235554189335,0.8,True
TEST_0734.jpg,HADRIEN,H HADRI EN,H HADRI EN,0.6,0.8571428571428572,True
TEST_0735.jpg,AURELIEN,AVREL I EN KTCC CDNCC COC,AVREL I EN KTCC CDNCC COC,0.75,0.75,True
TEST_0736.jpg,LEO,A LE O,A LE O,0.6393800848568233,0.6666666666666667,True
TEST_0737.jpg,LORFROIS,CQ RFROFS,CQ RFROFS,0.45,0.7142857142857143,True
TEST_0738.jpg,LABONDE,MJM L A B Q N DC,MJM L A B Q N DC,0.5006998667288148,0.4347826086956522,False
TEST_0739.jpg,RAZOULS,RAZOULS,RAZOULS,0.7303557421392539,1.0,True
TEST_0740.jpg,RAYAN,ARE B RA YAN,ARE B RA YAN,0.6217913518300332,0.8,True
TEST_0741.jpg,LEO,L EO,L EO,0.325,0.8571428571428572,True
TEST_0742.jpg,MARIANNE,MA RIA NNE,MA RIA NNE,0.71665070195763,0.8888888888888888,True
TEST_0743.jpg,MOUROU,H HO ROU,H HO ROU,0.475,0.7272727272727273,True
TEST_0744.jpg,SAINT - LAURENT,S A U NT L AUAENT,S A U NT L AUAENT,0.55,0.6923076923076923,True
TEST_0745.jpg,BEGUIN,BEG UF N,BEG UF N,0.49396224202311734,0.7272727272727273,True
TEST_0746.jpg,AGLAE,RRE AG LA E,RRE AG LA E,0.6770390301769524,0.8,True
TEST_0747.jpg,ILOONA,SRE A TLO ON A,SRE A TLO ON A,0.6265594264546849,0.6666666666666667,True
TEST_0748.jpg,CHARLOTTE,CH A R L OTTE DATF DF NAISSANCE CLASSE,CH A R L OTTE DATF DF NAISSANCE CLASSE,0.9477921233051942,0.6666666666666667,True
TEST_0749.jpg,ALBAN,AL EAN,ALEXAN,0.5040990975407218,0.7272727272727273,True
TEST_0750.jpg,GARCIA,G R C FA,G R C FA,0.5621874516452485,0.5714285714285714,True
TEST_0751.jpg,PELON,I PELO W,I PELO W,0.5350196992618305,0.8,True
TEST_0752.jpg,JEAN,JE A N,JE A N,0.35,0.8,True
TEST_0753.jpg,GASTOU,OO G W O P A GA STOU,OO G W O P A GA STOU,0.65,0.8333333333333335,True
TEST_0754.jpg,LUCAS,SRE H L V C A S R H ALO,SRE H L V C A S R H ALO,0.675,0.6,True
TEST_0755.jpg,AMEL,RE H A ME L,RE H A ME L,0.6186511619474142,0.75,True
TEST_0756.jpg,LECONTE,NE CO NT E,NE CO NT E,0.425,0.7142857142857143,True
TEST_0757.jpg,PIERRE LOUIS,PI F R R E LOU GS,PI F R R E LOU GS,0.7418337554373489,0.6896551724137931,True
TEST_0758.jpg,TATIANA,TATI F N A,TATI F N A,0.425,0.7272727272727273,True
TEST_0759.jpg,JAROD,SA QO D,SA QO D,0.4290081929066359,0.5,True
TEST_0760.jpg,CARVALHO,H LARV A L H O,H LARV A L H O,0.55,0.6363636363636364,True
TEST_0761.jpg,CHARLOTTE,H C H A R LOTTE,H C H A R LOTTE,0.65,0.7777777777777779,True
TEST_0762.jpg,LILA,LI LA,LALIE,0.48395079130506957,0.6666666666666667,True
TEST_0763.jpg,EMPTY,CUDE RNC Z UAI A O T FWSTM A V A I U C O,CUDE RNC Z UAI A O T FWSTM A V A I U C O,0.75,0.2222222222222222,False
TEST_0764.jpg,NOELIE,TREA N OEL C,TREA N OEL C,0.55,0.6666666666666667,True
TEST_0765.jpg,NGAMBI,VG A M A F,VG A M A F,0.5324849648400465,0.5,True
TEST_0766.jpg,JOLY,A JO L Y,A JO L Y,0.5501212154602662,0.75,True
TEST_0767.jpg,D'HALLUIN,D HAL LUIV,DHALLUIN,0.4945399114114852,0.9411764705882353,True
TEST_0768.jpg,YORWYN,Y B RW Y W,Y B RW Y W,0.4,0.5,True
TEST_0769.jpg,ESTEBAN,A E ST C B H W,A E ST C B H W,0.6,0.4615384615384615,False
TEST_0770.jpg,FOURNEL,H FOURHEL,FOUREL,0.5577097078928153,0.9230769230769231,True
TEST_0771.jpg,ANTONIN,ANTONT N,ANTONIN,0.425,1.0,True
TEST_0772.jpg,SANTUCCI,SA NTV CC I,SA NTV CC I,0.45,0.736842105263158,True
TEST_0773.jpg,LOUVRY,LOUVEY,LOUVET,0.6420454494865964,0.8,True
TEST_0774.jpg,THIBAVT,TEOO TH B K V T,TEOO TH B K V T,0.575,0.4545454545454546,False
TEST_0775.jpg,CLAVERIE,KL AV E R M E,KL AV E R M E,0.45,0.625,True
TEST_0776.jpg,HAYNADIER,HAYNA D I E R,HAYNA D I E R,0.6615956869022193,0.8181818181818181,True
TEST_0777.jpg,MARINE,A Q RIU C,A Q RIU C,0.4,0.5,True
TEST_0778.jpg,DUONG,DUO H G,DUO H G,0.375,0.75,True
TEST_0779.jpg,LIN,A L I N,A L I N,0.540784116131743,0.6666666666666667,True
TEST_0780.jpg,BOUTON,H IN B O VT O N,H IN B O VT O N,0.55,0.5454545454545454,True
TEST_0781.jpg,SORIANO,A Y SO R I F VO,A Y SO R I F VO,0.55,0.5714285714285714,True
TEST_0782.jpg,CAVILLON,TD FO A CAVILLON,TD FO A CAVILLON,0.6763930465669252,1.0,True
TEST_0783.jpg,ALICIA,A LB LI A,A LB LI A,0.4,0.6,True
TEST_0784.jpg,CHLOE,P C LOE,P C LOE,0.5771478079131076,0.8,True
TEST_0785.jpg,MEYLAN-MATERNE,ME YLAN MATE R N E,ME YLAN MATE R N E,0.6078691458945262,0.8125,True
TEST_0786.jpg,LAGARDE,L AGA R OE,L AGA R OE,0.490662239241474,0.7142857142857143,True
TEST_0787.jpg,MAXIM ZACK,X A X I M ZACY,X A X I M ZACY,0.475,0.7,True
TEST_0788.jpg,GRIMAUD,CUDE KNCY UAI H UA SOSPS K A CRIMA VO,CUDE KNCY UAI H UA SOSPS K A CRIMA VO,0.75,0.5714285714285714,True
TEST_0789.jpg,GHERASIN,H GH E R A S F N,H GH E R A S F N,0.611266186982967,0.625,True
TEST_0790.jpg,MELINE,H M E L I N E,H M E L I N E,0.575,0.631578947368421,True
TEST_0791.jpg,LE ROUX,L E RO UX,LE ROUX,0.5083492050491958,1.0,True
TEST_0792.jpg,ADELIE,A E L IE,A E L IE,0.375,0.7142857142857143,True
TEST_0793.jpg,GIRAUD,G N R A U D,G N R A U D,0.4,0.5882352941176471,True
TEST_0794.jpg,PIERRE - ANTOINE,Q I EFQEF ANTO I P E,Q I EFQEF ANTO I P E,0.6,0.5625,True
TEST_0795.jpg,COME,LO X E A E SE,LO X E A E SE,0.6,0.4,False
TEST_0796.jpg,FEA,A FEA,FEA,0.7114029196565241,1.0,True
TEST_0797.jpg,CLEMENT,CL EME NT,CLEMENT,0.425,1.0,True
TEST_0798.jpg,PINELAS,PIN E LA S,PIN E LA S,0.5742220621355212,0.8235294117647058,True
TEST_0799.jpg,JEANNE,J AN N E,J AN N E,0.375,0.7142857142857143,True
TEST_0800.jpg,ROMAIN,R JA A J,R JA A J,0.375,0.4,False
TEST_0801.jpg,IDRISS,IDRISS,IDRISS,0.4060729214508533,1.0,True
TEST_0802.jpg,HUGO,TC H V G O,TC H V G O,0.475,0.5714285714285714,True
TEST_0803.jpg,HANNAH,X A NN A H,X A NN A H,0.4247074034592896,0.6666666666666667,True
TEST_0804.jpg,JOANNE,GRE H SOA NN E,GRE H SOA NN E,0.575,0.6666666666666667,True
TEST_0805.jpg,KARL,KA B L,KA B L,0.35,0.6666666666666667,True
TEST_0806.jpg,ALVARELHO,HOM H AL V AR ECMOS,HOM H AL V AR ECMOS,0.6,0.6666666666666667,True
TEST_0807.jpg,GUILLAUME,G U I LLN ME,G U I LLN ME,0.45,0.6666666666666667,True
TEST_0808.jpg,EDDIE,E DDE,E DDE,0.6172577414631327,0.8,True
TEST_0809.jpg,FABRE,F A B A E,F A B A E,0.375,0.6,True
TEST_0810.jpg,PRADEAU,P R AD E Q V,P R AD E Q V,0.425,0.6153846153846154,True
TEST_0811.jpg,THEAU,T RE A D,T RE A D,0.375,0.46153846153846156,False
TEST_0812.jpg,VICTOR,VCTOR MNCNCE JCCF,VCTOR MNCNCE JCCF,0.8360271643714424,0.9090909090909091,True
TEST_0813.jpg,CAZAL,H C A Z A L,H C A Z A L,0.5927989759877527,0.625,True
TEST_0814.jpg,CONRAD,H D COQ R A D,H D COQ R A D,0.525,0.5454545454545454,True
TEST_0815.jpg,FLEURY,AJ JU P V V BAW FLSOA V H,AJ JU P V V BAW FLSOA V H,0.75,0.33333333333333337,False
TEST_0816.jpg,AMANDINE,AJ A ND T N E,AJ A ND T N E,0.45,0.5714285714285714,True
TEST_0817.jpg,TREPANT,TR EPANT,TR EPANT,0.7107566578805272,0.9333333333333333,True
TEST_0818.jpg,BAGHI,C C F IA,C C F IA,0.375,0.33333333333333337,False
TEST_0819.jpg,MAMPUYA,HAAPUYA,HAAPUYA,0.4266172240789242,0.8333333333333335,True
TEST_0820.jpg,THIBAUT,TH BANT,TH BANT,0.6034293042918033,0.7142857142857143,True
TEST_0821.jpg,CLEMENTINE,ZRE H M CI E M E N T G NE,ZRE H M CI E M E N T G NE,0.7,0.5,True
TEST_0822.jpg,JULES,TRROMI JULES,TRROMI JULES,0.5438626720262525,1.0,True
TEST_0823.jpg,CHLOEE,C KLOEE,CLOEE,0.4,0.9090909090909091,True
TEST_0824.jpg,MARTIN,MA RT N,MA RT N,0.47971953466267997,0.7692307692307692,True
TEST_0825.jpg,FLAMENCOURT,OUDCTETUNI VJ L P VP H F L AME NC OU RT,OUDCTETUNI VJ L P VP H F L AME NC OU RT,0.75,0.7272727272727273,True
TEST_0826.jpg,MENEZ,MF N E Z,MF N E Z,0.5617249204393684,0.6153846153846154,True
TEST_0827.jpg,KEVIN,KE V I N,KE V I N,0.42525872168925893,0.7692307692307692,True
TEST_0828.jpg,CLEMENTINE,CLEMENTIN E,CLEMENTINE,0.7126136516058368,1.0,True
TEST_0829.jpg,LEO,LEO,LEO,0.563290871718263,1.0,True
TEST_0830.jpg,RIVIER,X Q R C,X Q R C,0.35,0.2222222222222222,False
TEST_0831.jpg,LAENNEC,O F A A AU Y LA EN N EC,O F A A AU Y LA EN N EC,0.675,0.7142857142857143,True
TEST_0832.jpg,COMBE,A S DU W K X NDM COMG E,A S DU W K X NDM COMG E,0.625,0.6,True
TEST_0833.jpg,DERVY,YUDEKNCY UKIA U P U F G R N VOM A D ER VY,YUDEKNCY UKIA U P U F G R N VOM A D ER VY,0.75,0.8,True
TEST_0834.jpg,DUBOIS,OVOCTCT ADI I YJ TSZJM D UB I S H,OVOCTCT ADI I YJ TSZJM D UB I S H,0.75,0.6666666666666667,True
TEST_0835.jpg,AUDE,AVDE T A SRE Z,AVDE T A SRE Z,0.575,0.75,True
TEST_0836.jpg,LAURENT,LAURENT,LAURENT,0.6692417887806346,1.0,True
TEST_0837.jpg,DORIAN,DO RP A W,DO RP A W,0.652537893746255,0.6,True
TEST_0838.jpg,GAUNET,H GA LUET F,H GA LUET F,0.572467382810656,0.6666666666666667,True
TEST_0839.jpg,DELHPORTE,DE LM PO R T E ODENON,DE LM PO R T E ODENON,0.625,0.5882352941176471,True
TEST_0840.jpg,JACQUES,JA C QU E S,JA C QU E S,0.44761590139903107,0.7777777777777778,True
TEST_0841.jpg,THIBAUT,GRE H TIBAUT,GRE H TIBAUT,0.658688989489023,0.923076923076923,True
TEST_0842.jpg,EISSE,EISS E,EISS E,0.5746808005426315,0.9090909090909091,True
TEST_0843.jpg,CAMILLE,C AH LLE,C AH LLE,0.6495756145022301,0.6666666666666667,True
TEST_0844.jpg,ADAM,AD A H,AD A H,0.35,0.75,True
TEST_0845.jpg,LAURIANCE,H L A U RIA N C E,H L A U RIA N C E,0.6955895358920607,0.6923076923076923,True
TEST_0846.jpg,LEONARD,LE O N A R N,LE O N A R N,0.425,0.631578947368421,True
TEST_0847.jpg,CLEMENT,U CI M M A F,U CI M M A F,0.425,0.3076923076923077,False
TEST_0848.jpg,THOMAS,D GRE B THO MAS,D GRE B THO MAS,0.6,0.8333333333333335,True
TEST_0849.jpg,CUNA,L UN A,L UN A,0.49837605186836487,0.75,True
TEST_0850.jpg,DAVRINCHE,DA V R T NCHE,DA V R T NCHE,0.6181672216881928,0.7272727272727273,True
TEST_0851.jpg,TAZEKOUT,TAZ EK OUT,TAZ EK OUT,0.49365960534321335,0.8888888888888888,True
TEST_0852.jpg,EWA,E W A,E W A,0.49461096342753375,0.75,True
TEST_0853.jpg,FILLON,S H FILL O N,S H FILL O N,0.525,0.8333333333333335,True
TEST_0854.jpg,HUGO,Y H H U G O R,Y H H U G O R,0.575,0.5,True
TEST_0855.jpg,BENDAVID,Y B C V L L C H B E N O A V R O,Y B C V L L C H B E N O A V R O,0.725,0.375,False
TEST_0856.jpg,BONNENFANT,DO NNENFA NT,BONNENFANT,0.5,1.0,True
TEST_0857.jpg,BLEHOUAN,BL E HO UAN,BLEHOUAN,0.5231042157863011,1.0,True
TEST_0858.jpg,DELAMARE,DEL AMA RE,DEL AMA RE,0.5242489421858387,0.8888888888888888,True
TEST_0859.jpg,ERWANN,FR WA WN,FR WA WN,0.674756270596641,0.5714285714285714,True
TEST_0860.jpg,YASEMIN,SRE Y A S EMT N M,SRE Y A S EMT N M,0.6335004242252864,0.5714285714285714,True
TEST_0861.jpg,INAKI,H IN A I,H IN A I,0.525,0.6153846153846154,True
TEST_0862.jpg,LASCAUX,A LA S C AUX,A LA S C AUX,0.5724730335196189,0.736842105263158,True
TEST_0863.jpg,HASSON,M RS S ON,M RS S ON,0.5174902002508345,0.6666666666666667,True
TEST_0864.jpg,DE OLIVEIRA VIEIRA,PF GL IV EF RA VTEFRF,PF GL IV EF RA VTEFRF,0.65,0.6111111111111112,True
TEST_0865.jpg,MANON,NA ION,IONA,0.375,0.6666666666666667,True
TEST_0866.jpg,MICAH,T E M I CA H,T E M I CA H,0.575,0.6666666666666667,True
TEST_0867.jpg,AGAFIA,A A G K T F A,A A G K T F A,0.575,0.4444444444444444,False
TEST_0868.jpg,CLARA,CLAR A,AUCLAIR,0.4328242051652917,0.8,True
TEST_0869.jpg,LOIC,WJ H L OI C R,WJ H L OI C R,0.6,0.75,True
TEST_0870.jpg,DAMIEN,H D AM L N,H D AM L N,0.6194198424398538,0.5,True
TEST_0871.jpg,STROHM,ST ROH H,ST ROH H,0.4539810107269424,0.8333333333333335,True
TEST_0872.jpg,MALOU,A MAL OU,MALOU,0.6319732127152768,1.0,True
TEST_0873.jpg,BOURDACHE,B OV RDAC HE,B OV RDAC HE,0.5168847537579009,0.7619047619047619,True
TEST_0874.jpg,PASQUIER,P R S Q U N E R,P R S Q U N E R,0.6241031675663633,0.5217391304347826,True
TEST_0875.jpg,MELANIE,DRE A MELANI E,DRE A MELANI E,0.6472905262975075,0.8571428571428572,True
TEST_0876.jpg,COLOM,CO LOM,COLOM,0.6208794974643017,1.0,True
TEST_0877.jpg,MATHIS,JAT XIS,JAT XIS,0.4,0.6666666666666667,True
TEST_0878.jpg,LAUR,LA U R,LA U R,0.49982204399274754,0.8,True
TEST_0879.jpg,CAPUOZZI,A CAPU OZZI,CAPUOZZI,0.58961467119795,1.0,True
TEST_0880.jpg,MURUGANANTHAN,H MU RUGA NA N F H A N N,H MU RUGA NA N F H A N N,0.8437344581883262,0.6923076923076923,True
TEST_0881.jpg,YVAN,J A N,J A N,0.7044631398610933,0.5714285714285714,True
TEST_0882.jpg,TOM,TOM,TOM,0.6304767798804076,1.0,True
TEST_0883.jpg,MIGUEL,H MI GUE L NAF A X E,H MI GUE L NAF A X E,0.725,0.8333333333333335,True
TEST_0884.jpg,GARBAL,A CA R BAL,A CA R BAL,0.684846190176755,0.7272727272727273,True
TEST_0885.jpg,COHHERCY,CM HE RCY,CM HE RCY,0.507724566722588,0.7142857142857143,True
TEST_0886.jpg,CROUTTE,CROUTTE,CROUTTE,0.5798009697339186,1.0,True
TEST_0887.jpg,JEAN - BATISTE,S E A N DA X F SKE,S E A N DA X F SKE,0.525,0.4375,False
TEST_0888.jpg,VICTOR,VICTBR,VICTOR,0.5678681278126295,1.0,True
TEST_0889.jpg,GRIFEON,G R V F F O V,G R V F F O V,0.425,0.4285714285714286,False
TEST_0890.jpg,YANN,H A N N R,H A N N R,0.5028572069501843,0.5,True
TEST_0891.jpg,OLIVIA,O L C V A,O L C V A,0.375,0.5333333333333333,True
TEST_0892.jpg,WAGNER,WA G N E R,WA G N E R,0.4399796991450632,0.75,True
TEST_0893.jpg,DIALLO,DR ALL O,DR ALL O,0.47448273482215775,0.7272727272727273,True
TEST_0894.jpg,GAETAN,SA ETAM,SA ETAM,0.40263152251684786,0.6666666666666667,True
TEST_0895.jpg,MARIEHE,ZRE A MARIZHE,ZRE A MARIZHE,0.7262993560828879,0.8571428571428572,True
TEST_0896.jpg,LEBAIL,L E BA I L,L E BA I L,0.4,0.75,True
TEST_0897.jpg,CAUDAL,V J Q J O R CA U D AL A,V J Q J O R CA U D AL A,0.65,0.6666666666666667,True
TEST_0898.jpg,MARGOT,M ARGOT,HARGOT,0.530999195331401,0.9090909090909091,True
TEST_0899.jpg,MATHYS,H A T H Y S,H A T H Y S,0.4,0.5882352941176471,True
TEST_0900.jpg,YSALINE,Y SA L I N E,Y SA L I N E,0.442706995165861,0.736842105263158,True
TEST_0901.jpg,TRAN-MINH,TRAN MIX K,TRAN MIX K,0.6839294387691814,0.75,True
TEST_0902.jpg,CLEMENT,CLEMENT DATF OFNAISSANCF CIASSF,CLEMENT DATF OFNAISSANCF CIASSF,0.9037008789678873,1.0,True
TEST_0903.jpg,QUENTIN,QUEXT,QUEXT,0.7105274041889788,0.8,True
TEST_0904.jpg,CAMILLE,CAM LL E EC E EE ECI,CAM LL E EC E EE ECI,0.75,0.7692307692307692,True
TEST_0905.jpg,THEO,TH E O,TH E O,0.35,0.8,True
TEST_0906.jpg,ELSA,ELSA,ELSA,0.5837055206298828,1.0,True
TEST_0907.jpg,METIVIER,METIYIER,METIVIER,0.6820694386730273,1.0,True
TEST_0908.jpg,EMMA,E M M A,E M M A,0.5483529945595333,0.7272727272727273,True
TEST_0909.jpg,COUTARD,CO UT ARD,CO UT ARD,0.7050717049987482,0.875,True
TEST_0910.jpg,GENNESAY,GNEJAG,GNEJAG,0.4,0.5714285714285714,True
TEST_0911.jpg,LAUREE,E H L R TIE R,E H L R TIE R,0.6,0.33333333333333337,False
TEST_0912.jpg,PACONE,PA CSNE,PA CSNE,0.6231451600236839,0.7692307692307692,True
TEST_0913.jpg,PARAF,PA RAT,PARANT,0.6870415354231654,0.8888888888888888,True
TEST_0914.jpg,EMPTY,,,0.5749801094790514,0.0,False
TEST_0915.jpg,AURIANE,A V RIA N E,A V RIA N E,0.5459205823156372,0.7142857142857143,True
TEST_0916.jpg,FAIZ,A F AI Z,A F AI Z,0.5389678487424345,0.75,True
TEST_0917.jpg,PRYOT,PRVOT,PROVOT,0.5607933892302233,0.75,True
TEST_0918.jpg,DUVAL,DNVA L,DNVA L,0.375,0.7272727272727273,True
TEST_0919.jpg,DUMONT,D N NT,D N NT,0.5876783329433093,0.5,True
TEST_0920.jpg,MIGLIORETTI,MI GL Q R ET Z F,MI GL Q R ET Z F,0.5,0.5454545454545454,True
TEST_0921.jpg,JULIE,JL E,JL E,0.413464030389272,0.6666666666666667,True
TEST_0922.jpg,OZDOEV,OZDJ EV,OZDJ EV,0.4397773388959031,0.7692307692307692,True
TEST_0923.jpg,LOUIS-JOSEPH,LOUI S TO S EF H,LOUI S TO S EF H,0.525,0.6428571428571428,True
TEST_0924.jpg,VICTORIA,VICTOR K A,VICTOR,0.45,1.0,True
TEST_0925.jpg,RENAULD,RE N A U L D,RE N A U L D,0.4950346518692148,0.736842105263158,True
TEST_0926.jpg,CHEVALIER,A H CH EVAL I C R,A H CH EVAL I C R,0.6,0.7777777777777779,True
TEST_0927.jpg,PLANTARD,Y V T U T COY PLA NTARD,Y V T U T COY PLA NTARD,0.7693089930807963,0.875,True
TEST_0928.jpg,TOM,M TO,M TO,0.5746116556878782,0.8,True
TEST_0929.jpg,BASSABI,B A SS A BZ,B A SS A BZ,0.425,0.6666666666666667,True
TEST_0930.jpg,BONNARD,BO N NA R D,BO N NA R D,0.6021415919450889,0.7777777777777778,True
TEST_0931.jpg,NICOLAS,NIC LAS,NIC LAS,0.7190947190061675,0.8571428571428572,True
TEST_0932.jpg,LOGAN,PRENQMA LOGA N,PRENQMA LOGA N,0.636819371037979,0.8,True
TEST_0933.jpg,LEONARD,A L E O N A R D,A L E O N A R D,0.5739707415153024,0.6363636363636364,True
TEST_0934.jpg,MALMARTEL,MAL MAR T EL,MAL MAR T EL,0.7382043111018541,0.8571428571428572,True
TEST_0935.jpg,WILTZ,VI LTZ,VI LTZ,0.5059613185613504,0.8,True
TEST_0936.jpg,RIBEREAU-GAYON,RF B REA U K GA Y ON,RF B REA U K GA Y ON,0.575,0.6470588235294117,True
TEST_0937.jpg,ABDERRAHMAN,A BDERRA HMAN ACC,ABDERRAHMAN,0.8647515011006611,1.0,True
TEST_0938.jpg,DAMANI,DAMANF DATE DE NAISSANCE CLASSE,DATE DE NAISSANCE CLASSE,0.9399048085657835,0.5,True
TEST_0939.jpg,THEO,THEO JTFDFNNGCANCF CASSF,THEO JTFDFNNGCANCF CASSF,0.866311780938043,1.0,True
TEST_0940.jpg,FRANK,F R A N K,F R A N K,0.5613798167231698,0.7142857142857143,True
TEST_0941.jpg,MORINI,HOF K Z,HOF K Z,0.375,0.25,False
TEST_0942.jpg,KIERIAN,REA KI ER G AN,REA KI ER G AN,0.6100407473645715,0.5714285714285714,True
TEST_0943.jpg,ELISA,EL I S A,EL I S A,0.375,0.7692307692307692,True
TEST_0944.jpg,ANTOINE,A A NT O T N E,A A NT O T N E,0.6,0.5714285714285714,True
TEST_0945.jpg,NAN,MOVCI UA V P SR YV U L A A FR N CO,MOVCI UA V P SR YV U L A A FR N CO,0.75,0.33333333333333337,False
TEST_0946.jpg,ROLLET,ROL L ET,ROL L ET,0.5769161772292509,0.8571428571428572,True
TEST_0947.jpg,BUER,ODE RNE UAIE O N QAMG G J OM D A O,ODE RNE UAIE O N QAMG G J OM D A O,0.75,0.5,True
TEST_0948.jpg,DOUCET,DOUCET,DOUCET,0.5304556080390173,1.0,True
TEST_0949.jpg,SORLET,RRF H L Q X O E,RRF H L Q X O E,0.55,0.4444444444444444,False
TEST_0950.jpg,MARION,A MAR I ON,A MAR I ON,0.6766433727265293,0.75,True
TEST_0951.jpg,EAZO,EATO,RETO,0.44098097681999204,0.5714285714285714,True
TEST_0952.jpg,WILLIAM,YI LLA SM,YI LLA SM,0.425,0.625,True
TEST_0953.jpg,BAPTISTE,BAPTISTE SRE,JEAN BAPTISTE,0.7971654958079062,1.0,True
TEST_0954.jpg,HELOISE,ERE H EL O S E G,ERE H EL O S E G,0.575,0.5714285714285714,True
TEST_0955.jpg,LAMBERGER,L AM B E R G E R,L AM B E R G E R,0.475,0.72,True
TEST_0956.jpg,MOHAMED,MO HA MG O DTDDC NGDNCC CCCC,MO HA MG O DTDDC NGDNCC CCCC,0.75,0.7142857142857143,True
TEST_0957.jpg,LOUISE,LOULSE CE AT E C ECO,LOULSE CE AT E C ECO,0.75,0.8333333333333335,True
TEST_0958.jpg,CERMENO-VIVANCOS,A C E R I C N O J VI V A N C O S N,A C E R I C N O J VI V A N C O S N,0.7976660339867918,0.52,True
TEST_0959.jpg,MAMBRE,A MA MBRE,MAMBRE,0.5762801905674797,1.0,True
TEST_0960.jpg,CHOL,S A A J A CHOL,S A A J A CHOL,0.55,1.0,True
TEST_0961.jpg,ALICE,P A A L I C E,P A A L I C E,0.575,0.6,True
TEST_0962.jpg,JEAN-FILIPE,RE H J EAN F G L Q P E R,RE H J EAN F G L Q P E R,0.675,0.5454545454545454,True
TEST_0963.jpg,DESSAPT-MUBLOT,D E SS A P T K H V RL Q T,D E SS A P T K H V RL Q T,0.6,0.5384615384615384,True
TEST_0964.jpg,DONG,H D O NG,H D O NG,0.5314438134813322,0.75,True
TEST_0965.jpg,GERMAIN,GR,GIR,0.383102518692009,0.6666666666666667,True
TEST_0966.jpg,DANIEL,D A R,D A R,0.325,0.5714285714285714,True
TEST_0967.jpg,ANAYS,ANAYS,ANAYS,0.7707462370935942,1.0,True
TEST_0968.jpg,DELANOE,H E LA N O E,H E LA N O E,0.5823729884495563,0.631578947368421,True
TEST_0969.jpg,DOUDJA,D OV JA,D OV JA,0.6198857250648178,0.6153846153846154,True
TEST_0970.jpg,AFLAH,A F L A H,A F L A H,0.38749520279847555,0.7142857142857143,True
TEST_0971.jpg,PEPIN,PEP IN,PEP IN,0.6907815623745173,0.9090909090909091,True
TEST_0972.jpg,KYLA,KY L A,KY L A,0.6010166150568559,0.8,True
TEST_0973.jpg,SCOTTO DE UCCIO,SCO TTO D R U CC I O,SCO TTO D R U CC I O,0.575,0.8,True
TEST_0974.jpg,CAPUCINE,CAPNCENE,LANCENE,0.45,0.5714285714285714,True
TEST_0975.jpg,ULYSSE,U LYSS E,U LYSS E,0.4954154117075694,0.8571428571428572,True
TEST_0976.jpg,DERME,OODCMCJRII V J PVEUBD ERMC,OODCMCJRII V J PVEUBD ERMC,0.75,0.8,True
TEST_0977.jpg,HAMMI,PA XX,PA XX,0.5262586465790553,0.2857142857142857,False
TEST_0978.jpg,NATHAN,H N K TH A V,H N K TH A V,0.575,0.5,True
TEST_0979.jpg,FARDIN,FAR DIN,DINDAR,0.5312929122270418,0.6666666666666667,True
TEST_0980.jpg,BIELAWSKI,GIE L A WS KI,GIE L A WS KI,0.7866551680111011,0.7272727272727273,True
TEST_0981.jpg,EDGAR,E D G A R,E D G A R,0.40781656584710296,0.7142857142857143,True
TEST_0982.jpg,KATELL,KATEL L,KATELL,0.5723135544883068,1.0,True
TEST_0983.jpg,BALAIN,UWVLKV UA H OO JO M T M A BA LAI N,UWVLKV UA H OO JO M T M A BA LAI N,0.75,0.8333333333333335,True
TEST_0984.jpg,BOUCHIER,U B V CR F E R,U B V CR F E R,0.45,0.375,False
TEST_0985.jpg,FLORIAN,F L DR K A I,F L DR K A I,0.425,0.4615384615384615,False
TEST_0986.jpg,LEGER,LEGE P,LEGE,0.5380811141037583,1.0,True
TEST_0987.jpg,SARRADE,SARRADE,SARRADE,0.7367982107036921,1.0,True
TEST_0988.jpg,BIDOTTI,B I D OTTI,B I D OTTI,0.425,0.8235294117647058,True
TEST_0989.jpg,LAHURTE,A L A H U R T E,A L A H U R T E,0.525,0.6363636363636364,True
TEST_0990.jpg,MARINE,NA R I W E,NA R I W E,0.4,0.5,True
TEST_0991.jpg,GODDE,GO D D E,GO D D E,0.375,0.7692307692307692,True
TEST_0992.jpg,PIERRE,RRE P E R R,RRE P E R R,0.6804412075308435,0.6666666666666667,True
TEST_0993.jpg,JULIEN,JULI EN,JULI EN,0.40714097226942003,0.9230769230769231,True
TEST_0994.jpg,EMELINE,E M E L I N E,E M E L I N E,0.425,0.7,True
TEST_0995.jpg,LYNE,LYNE,LYNE,0.5987334311008453,1.0,True
TEST_0996.jpg,NATHAN,NRE X A T K DN,NRE X A T K DN,0.55,0.4,False
TEST_0997.jpg,RUIVARD,RU I VA Q D,RU I VA Q D,0.425,0.7142857142857143,True
TEST_0998.jpg,MAEL,MA E L,MA E L,0.4093116353915749,0.8,True
TEST_0999.jpg,BONNETERRE,H BONN ETERR E,BONNETERRE,0.6296256687992157,1.0,True
TEST_1000.jpg,TINGAUD,Y A TNGAU D,Y A TNGAU D,0.6174461597891028,0.8571428571428572,True
